key_word,uid,avatar,author1,author2,like,followers,description
洛阳梅森学校,MS4wLjABAAAAOEm8sasBxVLd7Qu8VrImPVgmjQHpZJDwK9s1Qa6yjBV_CLFh52Yf33HnP-HT17Bj,https://p3-pc.douyinpic.com/aweme/100x100/aweme-avatar/mosaic-legacy_3199300076e3185035b1c.jpeg?from=2956013662,梅森高中,meisengaozhong,39.3万获赞,1868粉丝,洛阳民办高中，打造有温度的教育，欣赏越来越优秀的自己！
洛阳梅森学校,MS4wLjABAAAA8j-ojU0VgnpOvpwawO30mziYcUaT9EK27fOkqhjoHj0HWIYL8RMgwp3mF0Weia5N,https://p3-pc.douyinpic.com/aweme/100x100/aweme-avatar/tos-cn-avt-0015_09327a0333ff445abe5c3d00a547d46a.jpeg?from=2956013662,梅森wuu,mswuu,2903.9万获赞,451.8万粉丝,关注我，让你变得更强生活号：@梅森wuu的日常 商务V：msmswuu
洛阳梅森学校,MS4wLjABAAAAiWi8wpyVnKEiLAUKzki0jC-Wo8R60Oc-GY98jmjVxYmXHj2Yt1rnq31RVWRSjmVb,https://p3-pc.douyinpic.com/aweme/100x100/aweme-avatar/tos-cn-avt-0015_7f24baa757c5625234e5ee2459f1c8ab.jpeg?from=2956013662,NateMason梅森,natemason2,1.0万获赞,1987粉丝,此用户没有填写简介
洛阳梅森学校,MS4wLjABAAAAIfrqEwxMLlajxmUXXxSUEhRQ1GfPj_d4kGYH4Bxas-w,https://p3-pc.douyinpic.com/aweme/100x100/aweme-avatar/tos-cn-i-0813_6599ad031ffa4ae4a9c20179687610a0.jpeg?from=2956013662,梅森学术,masonacademic,91.9万获赞,15.6万粉丝,梅森学术｜专业论文辅导、科研服务尔雅老师｜中传硕博、高校硕导论文服务｜首页—店铺商品—购买即可在线看 1v1辅导课私信谢谢您的关注
洛阳梅森学校,MS4wLjABAAAAnjB8CDNYFWsXF_1T5fTmiqiC3vXDiBM9L7xe81nNOoM,https://p3-pc.douyinpic.com/aweme/100x100/aweme-avatar/tos-cn-i-0813c001_41b7236244dd4ef49bde944b5dc9d557.jpeg?from=2956013662,梅森,185847082,35获赞,8.1万粉丝,私募基金操盘手
银川市学雷锋服务中心,MS4wLjABAAAAl3yJBGoufWaOgubm8K2kWXnI4wCjfTCB5zSi15N1gtc,https://p3-pc.douyinpic.com/aweme/100x100/aweme-avatar/tos-cn-i-0813_8f2fddc5c8024845ad39f03ffcfdfdf0.jpeg?from=2956013662,银川市雷锋车队志愿者协会会长,xye15809574833,11.8万获赞,5362粉丝,心有多大，舞台就有多大
银川市学雷锋服务中心,MS4wLjABAAAAWKFowah48dY1khojuInRDw6jI-t2tElnDEbLsu6i6c4,https://p3-pc.douyinpic.com/aweme/100x100/aweme-avatar/tos-cn-i-0813_b872fc2a8f394cc1a434ae1229e85190.jpeg?from=2956013662,银川市雷锋纪念馆,YinchuanshiLFJNG,416获赞,273粉丝,雷锋精神是永恒的，是社会主义核心价值观的生动体现！
银川市学雷锋服务中心,MS4wLjABAAAAXZVifuP_3EytOqwAwFukqXDMLbHqg8iY_5PNAGmKCiw,https://p3-pc.douyinpic.com/aweme/100x100/aweme-avatar/tos-cn-i-0813_1c437609f4e74afc8a6a3f3b436ba85f.jpeg?from=2956013662,银川 雷锋,dykvd9x6fa2m,82获赞,44粉丝,17752318002有关汽车一切问题有问必答，
银川市学雷锋服务中心,MS4wLjABAAAAaT_-zWly9m0TODbM23Ngtes8UtJnTr1yXdiLrwmv-Tw,https://p3-pc.douyinpic.com/aweme/100x100/aweme-avatar/tos-cn-avt-0015_6923aaea4391afde2a7f8b2245621799.jpeg?from=2956013662,雷锋在银川,812203427,6178获赞,2544粉丝,万里长城永不倒点个关注好不好
银川市学雷锋服务中心,MS4wLjABAAAAoTH2fSBtFCjY9Yrp7jON6sqJ861DgVmSgAWXPcXJ3_M,https://p3-pc.douyinpic.com/aweme/100x100/aweme-avatar/tos-cn-i-0813c001_58af94fe8e4a470ab847b5baf7d13dc3.jpeg?from=2956013662,学雷锋为人民服务,dy86r3ir7r5m,1759获赞,516粉丝,此用户没有填写简介
淄博市张店区立美老年公寓,MS4wLjABAAAA2Ad8wg2jcJiPP-jZ_WFs4n9y6HuL1x9blMW3AuxRALSj0pdX3yT1AKETKlDhNIXn,https://p3-pc.douyinpic.com/aweme/100x100/aweme-avatar/tos-cn-i-0813_6c8334a68ce54ddea0d84b4eba1c8cff.jpeg?from=2956013662,崔军立美老年公寓,dywo3w96gtbq,1.6万获赞,3231粉丝,13864301830
淄博市张店区立美老年公寓,MS4wLjABAAAA38YHnWZqPK2Jvtcwek5QXPcSp35jbRk6ZMbSAqgdivTHRHSggoqKnMlIbC4lXknu,https://p3-pc.douyinpic.com/aweme/100x100/aweme-avatar/tos-cn-i-0813_f53f9431ca6840b1a162fb367c3610a4.jpeg?from=2956013662,张店镇星河湾老年公寓,dyj3f8qcjiuj,4.5万获赞,5771粉丝,热衷于养老事业，做一个快乐的养老院院长，希望大家支持，
淄博市张店区立美老年公寓,MS4wLjABAAAAOb3976sFs6dP1CPrlRi7m5ZcZ_Zc4gZ1SEDc-h4Oc6qCTFMT-RR0xDQARoCHACKL,https://p3-pc.douyinpic.com/aweme/100x100/aweme-avatar/tos-cn-i-0813_902a7e60692e4724a6968e36b69589ca.jpeg?from=2956013662,宁智寓和一淄博市张店区九级老年公寓,dybuqgvzq8pt,3194获赞,472粉丝,九级村老年公寓位于张店区世纪路与华光路交叉路口南100米，内设110医疗用床，1850元就可以入住自理老人。
淄博市张店区立美老年公寓,MS4wLjABAAAAfHglQAX7laSwIncvs1YOUSH0AjDCSkgOTWWpWUoux2Y,https://p3-pc.douyinpic.com/aweme/100x100/aweme-avatar/mosaic-legacy_2d2e8000227be63585e71.jpeg?from=2956013662,家美老年公寓,jiameilaonia,17.0万获赞,8763粉丝,此用户没有填写简介
淄博市张店区立美老年公寓,MS4wLjABAAAAkatCDq5keiIUb9hWC8Al1iF3TOEoCLXKPI_YnIkw2G_Yxfp4vkyHB3Qn6scdH_3X,https://p3-pc.douyinpic.com/aweme/100x100/aweme-avatar/tos-cn-i-0813_d8558ef92ed54ea9b254f5f5dae745af.jpeg?from=2956013662,淄博张店民宿,13953323853_007,1049获赞,292粉丝,淄博张店民宿日租钟点房，需要的联系！微信电话13953323853
同心县星海幼儿园,MS4wLjABAAAAfG4Hc8SzPkXw4H5j5416_O-IY3kG4oI-rKbHTTuKZwK5VrJ7c0LzwnqSZa5xLzKC,https://p3-pc.douyinpic.com/aweme/100x100/aweme-avatar/tos-cn-i-0813_532a67febf34489184e29311ac1cb838.jpeg?from=2956013662,星海幼儿园,xinghaiyouer55,3497获赞,370粉丝,星海幼儿园是汕尾市城区普惠性幼儿园，被评为“广东省规范化幼儿园”和“汕尾市城区一级幼儿园”，建筑面积1800平方米，操场面积1000平方米。引进五星教育优秀教学经验和先进的教学理念，以“用爱养育，用心教育”为办园宗旨，培养孩子认识、情感、体能等综合多元智能发展，集艺术、童趣化、教育化于一体的幼儿园。
同心县星海幼儿园,MS4wLjABAAAAZmuMexIt_UImUsOEiTVcyS_fyj5LiNedaeJjqGQ1Kdk,https://p3-pc.douyinpic.com/aweme/100x100/aweme-avatar/mosaic-legacy_2e12200083f62118799b0.jpeg?from=2956013662,同心幼儿园,100598474,130获赞,60粉丝,此用户没有填写简介
同心县星海幼儿园,MS4wLjABAAAAjIwXBH8Lo7YPB9uVy89nT9d_9_8E1NygfLYv9wKkzO5XvswOwExBRUfHvxv2rAN3,https://p3-pc.douyinpic.com/aweme/100x100/aweme-avatar/tos-cn-avt-0015_b8c4fddf7a6e484ce00b7bb54cbadaa4.jpeg?from=2956013662,星海幼儿园,XH.10001,188获赞,129粉丝,嘿 你来了？我等你好久了.欢迎来到我的快乐星球
同心县星海幼儿园,MS4wLjABAAAACcAUpFM6yC_NynHGdvqokBvFJ4_CG_pGwofjvDS351w,https://p3-pc.douyinpic.com/aweme/100x100/aweme-avatar/tos-cn-i-0813_a4fc6e8f984044638c7c50e988863fef.jpeg?from=2956013662,同心幼儿园——周老师,tongxinyouer70,1.4万获赞,736粉丝,因为热爱所以坚持因为坚持所以幸福
同心县星海幼儿园,MS4wLjABAAAARl0hUbEOHiD8O8_mFh7aROy85-d4HpsLLhChQfyrnw0,https://p3-pc.douyinpic.com/aweme/100x100/aweme-avatar/tos-cn-i-0813_d4c0937892eb4646bd38795b2a2e7506.jpeg?from=2956013662,同心寨幼儿园,1248613917,3.5万获赞,2403粉丝,用心教育，用爱呵护
陕西天地财务会计技术培训中心,MS4wLjABAAAAMbv23vvqGznKFEHOAo8WV_cBlrmRY_Pxv3bt5RFDNlot4tHNPkvcs92kcQjAy0gv,https://p3-pc.douyinpic.com/aweme/100x100/aweme-avatar/mosaic-legacy_30e710007062fec32e9a3.jpeg?from=2956013662,天地财务,Li691318973,2219获赞,427粉丝,此用户没有填写简介
陕西天地财务会计技术培训中心,MS4wLjABAAAA2JMSRY-23_HLBFOaeABLYqn9bPTVQLa1gxUrhz3lOEJ4ZVIcTkskkdvUMWmc8K4k,https://p3-pc.douyinpic.com/aweme/100x100/aweme-avatar/tos-cn-i-0813_55ca6bcd4a66492d8fa52ab6fd5b0b09.jpeg?from=2956013662,天地秀财,35537031328,9获赞,50粉丝,陕西财源会计培训、陕西天地财务会计培训、秀财教育科技
陕西天地财务会计技术培训中心,MS4wLjABAAAAihMwoHNgROZu2fepYBo5axOsqnR1bb8H7LSPZppzyAk,https://p3-pc.douyinpic.com/aweme/100x100/aweme-avatar/tos-cn-i-0813c001_864f5a99d7674d5d907c9d1a92202641.jpeg?from=2956013662,天地财务,1114911775,159获赞,159粉丝,为会计服务
陕西天地财务会计技术培训中心,MS4wLjABAAAAxSWmJEiWmRQWS7j0VFNvZSsu8Yn66u3xdnFqAe6ruOr_54jYTfeRY5ygGU_LyH-a,https://p3-pc.douyinpic.com/aweme/100x100/aweme-avatar/tos-cn-i-0813_9e850743e9f543199af6d1d817cee0b3.jpeg?from=2956013662,天地财务,dy15u6rtksgbc,6获赞,73粉丝,此用户没有填写简介
陕西天地财务会计技术培训中心,MS4wLjABAAAAIthdnK3JQW4mViyQxXHshtwJDbNJfDnxGYJ1M-qII2c,https://p3-pc.douyinpic.com/aweme/100x100/aweme-avatar/tos-cn-i-0813_5e19869701624519ad8b6a84de16141b.jpeg?from=2956013662,西安银州财务管理有限公司,QB13468623172,28.0万获赞,9.8万粉丝,银州财务14年注册公司0元办理业务请直接抖音私信联系我们（认准银州财务）业务：注册公司+代理记账+危化证+食品流通+
中国集团公司促进会,MS4wLjABAAAAxe2hxrLoqlXunw2e9zIt3LIijLV1gadvI53poh-z4e0,https://p3-pc.douyinpic.com/aweme/100x100/aweme-avatar/tos-cn-avt-0015_4c6d728064a95898be6c38e2c5727e22.jpeg?from=2956013662,全国总工会,858813575,1265.7万获赞,68.8万粉丝,弘扬劳模精神、劳动精神、工匠精神
中国集团公司促进会,MS4wLjABAAAA15S0INLHwRggLQIQNAb48cfGFJdE73TmO6uN6WgfFLQ,https://p3-pc.douyinpic.com/aweme/100x100/aweme-avatar/tos-cn-i-0813_c31e4b66aa40476e823e2cf08ff7d07a.jpeg?from=2956013662,中国企业家俱乐部,CEC2006,29.5万获赞,34.4万粉丝,企业绿色发展研究院是由中国企业家俱乐部理事共同发起成立的民非组织。“推动企业绿色成长，为社会可持续发展贡献力量，做受人尊敬的学习型非营利组织”是绿研院的使命愿景。中国企业家俱乐部服务于社会和经济可持续发展，帮助中小企业协同发展，并积极投身社会公益慈善事业。
中国集团公司促进会,MS4wLjABAAAAE6iTimmAowCJXMJYB7lXcwjuhoWQpgupX8BlPBPSfPk,https://p3-pc.douyinpic.com/aweme/100x100/aweme-avatar/tos-cn-avt-0015_5be1f51410a8584e55c2abf763147b52.jpeg?from=2956013662,中国残疾人事业新闻宣传促进会,xincuhui,106.2万获赞,6.9万粉丝,尊重、理解、关心、关爱残疾人！
中国集团公司促进会,MS4wLjABAAAA3mJHJuFwySBZvjiwKeTdTxhHLQTCEzG0IixquVYvUms,https://p3-pc.douyinpic.com/aweme/100x100/aweme-avatar/tos-cn-avt-0015_d75cfba21179364caaa8795a4a47ce5e.jpeg?from=2956013662,中国乡村发展基金会,1165941154,76.9万获赞,27.7万粉丝,（原中国扶贫基金会）助力乡村发展，促进共同富裕
中国集团公司促进会,MS4wLjABAAAA68cQ0cn4l4vSRdS6NVD5mhNdYFwCN167CRTQbQKc_bcwS99kJJiKKM7P8oz9fiV9,https://p3-pc.douyinpic.com/aweme/100x100/aweme-avatar/tos-cn-i-0813_8e6e1c51c08f43b3bc7eaf789e2dcd91.jpeg?from=2956013662,中国中小企业协会,gwh2021,5247获赞,2.1万粉丝,中国中小企业协会公共服务工作工委会
江门市华材工业节能应用研究院,MS4wLjABAAAAeZJaK711LtKPn1C4pldRTzaPFinKEmX4b4vBrbqGVE0,https://p3-pc.douyinpic.com/aweme/100x100/aweme-avatar/tos-cn-i-0813_9e46943b87b24e3e83a443bced764aad.jpeg?from=2956013662,華材,Huacai800498,2375获赞,460粉丝,此用户没有填写简介
江门市华材工业节能应用研究院,MS4wLjABAAAACsfqFouUj35QrXh3q0v2qpz7xifMg8evhI7XoHDjB6M,https://p3-pc.douyinpic.com/aweme/100x100/aweme-avatar/tos-cn-i-0813_501927037b0041e38b25ba2b2e974b92.jpeg?from=2956013662,華材,LoveTengWei,615获赞,216粉丝,二胎宝爸
江门市华材工业节能应用研究院,MS4wLjABAAAAehqT4NpYWLhdeEURgfx29p6x4xdveNXjDop7C3Mo1XrBAWFZbKZo1sxMjXgLW5VO,https://p3-pc.douyinpic.com/aweme/100x100/aweme-avatar/tos-cn-i-0813_f9dd081bca764e2682620ee9348b7b67.jpeg?from=2956013662,华材,87762854862,7获赞,4粉丝,此用户没有填写简介
江门市华材工业节能应用研究院,MS4wLjABAAAA5syY_4LopDaf7Av76pQd-tdWW9DsfH-QH0KWGSbSwW8,https://p3-pc.douyinpic.com/aweme/100x100/aweme-avatar/mosaic-legacy_b6ce000be9aa2dc5b5e0.jpeg?from=2956013662,华材,1383881539,0获赞,18粉丝,此用户没有填写简介
江门市华材工业节能应用研究院,MS4wLjABAAAA4lOU7-uS_7BjU9dtK-7N1_CdG0M0YCcFYbyFp-gjkGI,https://p3-pc.douyinpic.com/aweme/100x100/aweme-avatar/tos-cn-i-0813_9c32c1bb473f4d1a9ecf8335e9de5a0d.jpeg?from=2956013662,华材铝材,dy4me3ijdsfa,3获赞,188粉丝,此用户没有填写简介
四川汉德三星堆文化艺术馆,MS4wLjABAAAA6RLG09_hJHh4ohej9iNfB8l5VFvjBTxZC431ztq5Dy8,https://p3-pc.douyinpic.com/aweme/100x100/aweme-avatar/douyin-web-image_f57e26a0c697bc4b276f041530eb7e61.jpeg?from=2956013662,四川广汉三星堆博物馆,951107544,48.8万获赞,18.4万粉丝,世界的三星堆，三星堆的视界
四川汉德三星堆文化艺术馆,MS4wLjABAAAAeZsaDcPMRDCyDQv7ASudG9dQkjxcLxqTuCvFZ5aSti0,https://p3-pc.douyinpic.com/aweme/100x100/aweme-avatar/tos-cn-avt-0015_28314ad43207a69c7b9457c0a9c1f785.jpeg?from=2956013662,三星堆文创工作室,53677668,3.9万获赞,4465粉丝,【四川省伴月堂企业管理有限公司】原三星堆文创工作室，立足三星堆古蜀文化，进行文创产品开发、品牌IP策划及运营，以及艺术衍生品设计研发。代表作品：三星堆“古蜀萌娃”表情包；“三星堆面具冰淇淋”；“祈愿神树月饼”；“三星堆棒棒糖”；“金面具巧克力”等。 （VX：864256995）
四川汉德三星堆文化艺术馆,MS4wLjABAAAAsjf1ha60lp043SIOoKFIwCd7x3uUqkNbGBzYdDbHvnxERh5JLJ4vwxg9wpWDsKBg,https://p3-pc.douyinpic.com/aweme/100x100/aweme-avatar/tos-cn-avt-0015_4b5ea1a392b306d46c1d51aa0158eac9.jpeg?from=2956013662,三星堆传媒,22116597064,1.4万获赞,1632粉丝,《三星堆.荣耀觉醒》IP授权、联名。中国ip产业年度十大zui具商业价值文旅吉祥物“玉猴奖”四川省2020年度十佳版权登记作品凭长江上游文明之源，助千年IP赋能之力。
四川汉德三星堆文化艺术馆,MS4wLjABAAAAVIRJfR_un7JAxYuuQdK-qnQJaOozl3D0-an3UR6fkc4K3y2ezXzuOAqUq2oQwaPE,https://p3-pc.douyinpic.com/aweme/100x100/aweme-avatar/tos-cn-i-0813_85951bcc93804441b9938554fb349144.jpeg?from=2956013662,三星堆,sanxingdui66,356获赞,132粉丝,此用户没有填写简介
四川汉德三星堆文化艺术馆,MS4wLjABAAAAqq4OWlvmQU9CL6P5A9sQtvgSrEaC1kkw-Z2iG6m6OHm9gOYi7AmVydqrPyjORPDZ,https://p3-pc.douyinpic.com/aweme/100x100/aweme-avatar/mosaic-legacy_3793_3131589739.jpeg?from=2956013662,三星堆,dy2m0vu31ih5,462获赞,174粉丝,此用户没有填写简介
西宁市广告协会,MS4wLjABAAAANxKReFOXCYU7LZ1qffwgFV8gMegP7jrbG20-eVV3NTSHDDLMiIjZk8LUMzsR8tWV,https://p3-pc.douyinpic.com/aweme/100x100/aweme-avatar/mosaic-legacy_2f5510000c11122744dd2.jpeg?from=2956013662,中国广告协会,dy47920v42j8,11.3万获赞,4393粉丝,此用户没有填写简介
西宁市广告协会,MS4wLjABAAAAXz-eiVig8haoxomAwqFa9NbYXPEa2-PDxc5m2olMzabUzK2eeqwI38zQ8WHJPfy-,https://p3-pc.douyinpic.com/aweme/100x100/aweme-avatar/tos-cn-i-0813_1a45d87a6d14443c86645cc6ee8397fc.jpeg?from=2956013662,青海星辉广告-发光字宣传栏,xh1.5597066969,7019获赞,2912粉丝,西宁发光字源头厂家，生产各种标识标牌宣传栏，各种发光字，霓虹灯，楼顶大字，灯箱，锦旗，名片你想要的我们都有哦
西宁市广告协会,MS4wLjABAAAAaABVaAFdIyrr7itsB6TfVL19aCRau07jU6eXcxc4f5c,https://p3-pc.douyinpic.com/aweme/100x100/aweme-avatar/mosaic-legacy_2cda60006549180e55609.jpeg?from=2956013662,西宁广全广告发光字厂,V13897583331,26.4万获赞,2.4万粉丝,努力的做好一切！
西宁市广告协会,MS4wLjABAAAAohRHbDeeiBixTaixn4cG1VrAxex_bYQ5lKt7fBvTofs,https://p3-pc.douyinpic.com/aweme/100x100/aweme-avatar/mosaic-legacy_241660001fe09485e5dc9.jpeg?from=2956013662,西宁市言诚广告,389821702,4875获赞,799粉丝,在青海做广告的四川人专业制作景观字，斜坡字，树脂字，迷你字，冲孔字，铁皮字，不锈钢精工字等大型进口激光切割机，可切割钢板，铝板，铜板，不锈钢板等各种异形件
西宁市广告协会,MS4wLjABAAAA_e0r17tTkYs-QVDK_1sahS0ukrXe92QxcXMqrHPxaGI,https://p3-pc.douyinpic.com/aweme/100x100/aweme-avatar/tos-cn-i-0813c001_be1e97fdc70646acb92a0b93dc336055.jpeg?from=2956013662,青海西宁广告公司睿鸿广告,1735225131,1699获赞,3077粉丝,此用户没有填写简介
青岛汇航帆船皮划赛艇运动俱乐部,MS4wLjABAAAA3nOhEgm8k2N0BFGsCIDwb8i96J7f4blkiw-NDv_954o,https://p3-pc.douyinpic.com/aweme/100x100/aweme-avatar/mosaic-legacy_fc5a0003a75bc3c9b35f.jpeg?from=2956013662,青年船长（赛艇帆船教练）,qncz007007,1364获赞,395粉丝,我欲成佛，天下无魔 我欲成魔 佛奈我何
青岛汇航帆船皮划赛艇运动俱乐部,MS4wLjABAAAAnfHJ0iMYdyNzqXULIJppKzEPdutb7e2WE2FMkEj06Dc,https://p3-pc.douyinpic.com/aweme/100x100/aweme-avatar/tos-cn-i-0813_f534518f99e843cb8dfe6108a94050f8.jpeg?from=2956013662,水上运动观察,1031126920,4.7万获赞,3087粉丝,专注水上运动，关注摩托艇、滑水、冲浪、桨板、皮划艇、赛艇、动力冲浪板、帆船、帆板、游泳等水上项目。合作13594534790张君宝
青岛汇航帆船皮划赛艇运动俱乐部,MS4wLjABAAAAvueNUy7LDAHUTr9_W5SA435RwszV-hOa2QB6clb-fMrv5woM9dc2SzY8730bzsNV,https://p3-pc.douyinpic.com/aweme/100x100/aweme-avatar/tos-cn-avt-0015_34efe02187fa815ce43a74ecc8ca236b.jpeg?from=2956013662,大连斯巴达俱乐部,DLyacht,4966获赞,2308粉丝,游艇出海、租赁、海钓、游艇派对帆船出海、公司团建、游艇下午茶赛艇，龙舟
青岛汇航帆船皮划赛艇运动俱乐部,MS4wLjABAAAAg7rPM33SB8H5H89eLrJAmDCoXMsqfaTJv2UT1s8MEXw7prvEDthv8CYdkQlYDRks,https://p3-pc.douyinpic.com/aweme/100x100/aweme-avatar/tos-cn-i-0813_2f07b194867b4a52a226e66a56ec98a3.jpeg?from=2956013662,丁丁赛艇,cnzzzz,710获赞,311粉丝,河北省水上运动协会。关注并推广水上体育项目！龙舟！皮艇！皮划艇！陆上划船器（测功仪）、帆船、帆板......
青岛汇航帆船皮划赛艇运动俱乐部,MS4wLjABAAAADMU82GuFcSy0L8nXVxUit-nAYgE0331zapJSvuaOSrQ,https://p3-pc.douyinpic.com/aweme/100x100/aweme-avatar/tos-cn-avt-0015_1243111a1f669ac2cc9dec867c47fa15.jpeg?from=2956013662,大连斯巴达真人cs,dlsibada,15.6万获赞,1.1万粉丝,定期组织粉丝：真人cs，游艇出海，帆船出海，赛艇，密室，龙舟，高尔夫，冰壶等活动。13904264171
茂名市展翼社会工作服务中心,MS4wLjABAAAAN4656aXxYpFydSsWbVQNidqGZF3CoGLA5YYT4Xxfrwo,https://p3-pc.douyinpic.com/aweme/100x100/aweme-avatar/mosaic-legacy_2e65f0005dc727d69a755.jpeg?from=2956013662,展翼社工,MMZYSG,7576获赞,2679粉丝,展现社工风采
茂名市展翼社会工作服务中心,MS4wLjABAAAAORaAWgsyhnlP-lDiQrgcPd-aHyGZeuSQzPqohugwhe0,https://p3-pc.douyinpic.com/aweme/100x100/aweme-avatar/tos-cn-i-0813_a88336b86dab4348b2da41b442440f7c.jpeg?from=2956013662,展翼,87183864,9143获赞,1110粉丝,此用户没有填写简介
茂名市展翼社会工作服务中心,MS4wLjABAAAAw3zwaPCanEHGt9JHjg8Yt_SJLUsqUPTPFDxGPElgjNM,https://p3-pc.douyinpic.com/aweme/100x100/aweme-avatar/tos-cn-i-0813_74c940f069a744e48ba6e41d6409def7.jpeg?from=2956013662,展翼,276814471,5847获赞,493粉丝,山不过来 我就过去
茂名市展翼社会工作服务中心,MS4wLjABAAAA0ljcsrfed8KJXjJtS63ZyVOf18rtMmyybwxvoPj-qS0rnu3_w42NrS7veuXTMHMX,https://p3-pc.douyinpic.com/aweme/100x100/aweme-avatar/mosaic-legacy_2d58d0003a7590b1dd99b.jpeg?from=2956013662,展翼,dy4qpixqnyy2,1496获赞,896粉丝,15100634428 13803224070
茂名市展翼社会工作服务中心,MS4wLjABAAAAqTXCxMJmwPN4yqdNUFHtXJhoDfcrHBldAdDN4vNDfns,https://p3-pc.douyinpic.com/aweme/100x100/aweme-avatar/mosaic-legacy_2f72500044f012bf9d5d8.jpeg?from=2956013662,展翼,1185267108,4536获赞,1079粉丝,因为简单，所以快乐!
华阴市华山周易学会,MS4wLjABAAAAHmxEy7IS-ieRKygyh6Vhv27ECk8oI6x7bPHUP-zy8Qo,https://p3-pc.douyinpic.com/aweme/100x100/aweme-avatar/tos-cn-i-0813_5cb32aa1f0d741afadc264018b766f89.jpeg?from=2956013662,华山,huashan54967,2525获赞,306粉丝,我的业余爱好喜欢唱歌、吹笛子、旅游、练太极、摄影……，爱交知心朋友，有时间喜欢带爱人及外孙天南海北出去旅游……，来深圳已经十多年啦，慢慢的适应了深圳气候及环境，老有所乐。梦想有个健康的身体及能参加网上笛友交流群，不断提升自己笛子吹奏水平，开心每一天……，哈哈。
华阴市华山周易学会,MS4wLjABAAAAxK-lEWiSPQH44jAFyk1mhmQTjL_c-IjSuzCl9-KwDkw,https://p3-pc.douyinpic.com/aweme/100x100/aweme-avatar/mosaic-legacy_1e1080004857d56d4a8cf.jpeg?from=2956013662,用户8289687967542华阴华山,2211906747,8754获赞,835粉丝,此用户没有填写简介
华阴市华山周易学会,MS4wLjABAAAAGUlpldvWd6OVNDA6YUzu0BNqRWpx1NPsjbdQVAFneLc,https://p3-pc.douyinpic.com/aweme/100x100/aweme-avatar/mosaic-legacy_2f4be000289cc5b60d32f.jpeg?from=2956013662,华山,huashan59889,84获赞,67粉丝,此用户没有填写简介
华阴市华山周易学会,MS4wLjABAAAAYqJVnTEEAHQspD3YH6J3g76D_H2WdsHhxVGDULbUVro,https://p3-pc.douyinpic.com/aweme/100x100/aweme-avatar/mosaic-legacy_db4f001889de5fd1a493.jpeg?from=2956013662,华山,1626023350,9.1万获赞,4487粉丝,西安碑林区。八七级中国書画培训大学，校长王国权，指导老师苗重安。
华阴市华山周易学会,MS4wLjABAAAA2O49eGnAzsYXZG3PwXuzFXpBYdKDUvFyIS6QqY-9SFEJJ4qP4fNkkvhu8ue2aUFV,https://p3-pc.douyinpic.com/aweme/100x100/aweme-avatar/tos-cn-i-0813_10e14e5c0526412db88456229aaca06b.jpeg?from=2956013662,华山,huashan58949,40获赞,53粉丝,我是华山
天水市宝鸡商会,MS4wLjABAAAAZ4c6iiGsgksxv8dugm7BwASvoxagwYsMlHtCClEOW38,https://p3-pc.douyinpic.com/aweme/100x100/aweme-avatar/douyin-web-image_b1e7e852543688b21f09d2f42904dd4e.jpeg?from=2956013662,宝鸡市电商直播行业协会,520HW666,78.2万获赞,27.9万粉丝,宝鸡市电商直播行业协会官方账号
天水市宝鸡商会,MS4wLjABAAAATq1npq8tplCw66M9i1_cvsqXSEOq59LtnHAcK7yz7vs,https://p3-pc.douyinpic.com/aweme/100x100/aweme-avatar/tos-cn-i-0813_99a1561125fa4029bc69e41fcbe710ab.jpeg?from=2956013662,宝鸡，天天乐，旺,1997269816,254.0万获赞,41.1万粉丝,我从小时候就喜欢唱歌跳舞，开心快乐，不如意的时侯想想笑声的日子，感谢抖音平台，分享正能量，宣传好人好事，感谢一直默默支持我的朋友们，茫茫人海，认识就是缘分，
天水市宝鸡商会,MS4wLjABAAAATZNhvXSjiIS-Fgmstm6-SsHmemqwwLnWMeE_OskKTCw,https://p3-pc.douyinpic.com/aweme/100x100/aweme-avatar/tos-cn-avt-0015_7a448c692fd74351a898e1f8e9f3bc53.jpeg?from=2956013662,甘肃省陕西商会,gsssxsh,582获赞,165粉丝,欢迎关注甘肃省陕西商会
天水市宝鸡商会,MS4wLjABAAAA8AIw1PtwxO39ieAWG3urJbmMAovO3NzbyV88xJF7qZU,https://p3-pc.douyinpic.com/aweme/100x100/aweme-avatar/tos-cn-i-0813_e193c973172948fe918c2398d1c811b7.jpeg?from=2956013662,永康-宝鸡、天水专线,1070490033,2.0万获赞,1405粉丝,专注物流行业二十余年
天水市宝鸡商会,MS4wLjABAAAA2TsOPAB4W_gUmu_p-NWKM8SeS3h7H5VCEGfXckQdPaE,https://p3-pc.douyinpic.com/aweme/100x100/aweme-avatar/tos-cn-i-0813_ffbe0ead29d54f06b2aa792367548ede.jpeg?from=2956013662,宝鸡新闻网,591808389,894.3万获赞,77.4万粉丝,记录宝鸡身边的事！
莆田市医学会,MS4wLjABAAAARTZ-rRfjBS4aCmiIK7Rcex9GOkqYfGrHc6irc4UX4TI,https://p3-pc.douyinpic.com/aweme/100x100/aweme-avatar/douyin-user-file_22b460315c837a0bcee6437a2aea38c7.jpeg?from=2956013662,莆田市动物保护协会,putianzhongr,158.4万获赞,12.6万粉丝,流浪救助V：cm12100722 动物保护理念：以领养代替购买。关于领养：免费领养，福建莆田同城，签订领养协议方便后期回访。异地需要车程到莆田亲自接送，不接受托运。
莆田市医学会,MS4wLjABAAAA1z-7MAvHCwqoYdnlvpIrW5XDK02Tapb8TEMk9PMiYHhO41iBsueVwii3L5Ju4DL-,https://p3-pc.douyinpic.com/aweme/100x100/aweme-avatar/tos-cn-avt-0015_2f6e436cc8723d44b6bd92bc8ad7f53b.jpeg?from=2956013662,莆田市鞋个鞋子店,dys2fyxb3ivx,78获赞,179.1万粉丝,莆田老板在线等你。
莆田市医学会,MS4wLjABAAAAQyBtKMe4wAiKAjyA2Zz35qtx1NxrDJ9WJif1MLcopD7B3C-qKD0ln0DiVByqeO5j,https://p3-pc.douyinpic.com/aweme/100x100/aweme-avatar/tos-cn-i-0813c001_69226cea066e43f997c05e2712a2b2b9.jpeg?from=2956013662,莆田市鞋恒鞋服,87765823723,2.3万获赞,327.7万粉丝,老莆来我直播间
莆田市医学会,MS4wLjABAAAADHwlzRsSXrpg-WH-YGNM8Jfp_xyXuJYljeQHlIutr2VO9xFE6E7kz1sGeUTFf1ex,https://p3-pc.douyinpic.com/aweme/100x100/aweme-avatar/tos-cn-i-0813c001_879b826803014215b5904ee417a9f040.jpeg?from=2956013662,莆田市鞋圈鞋服,41689775801,1.3万获赞,420.2万粉丝,此用户没有填写简介
莆田市医学会,MS4wLjABAAAAiEaA-_NtVhbfJtU61n890i9bs0DuiGRfQLg20TcRqpA,https://p3-pc.douyinpic.com/aweme/100x100/aweme-avatar/tos-cn-i-0813_26d5b904d94642db9cc437d1062b715e.jpeg?from=2956013662,莆田市理工学校,378419721,23.6万获赞,5.6万粉丝,莆田市理工技术学校系福建省人社厅批准的一所全日制省达标中等职业技术学校，学生列入国家统一招生计划。学校新校区坐落在莆田市华林园区(莆田城厢区荔华西大道2766号)，交通便捷，教学设备先进，环境优雅，是莘莘学子读书求技能的理想乐园。
北京金风公益基金会,MS4wLjABAAAA3C7DjWxhBe46PV17Eovs-5xUDBZcENalYYRtQpqCwzk8IfkkUqETLPAahambVt4h,https://p3-pc.douyinpic.com/aweme/100x100/aweme-avatar/tos-cn-avt-0015_859e484b99648c0d0979ec324de2e846.jpeg?from=2956013662,金风科技,dyhxohwfkrgo,11.3万获赞,7.4万粉丝,可持续 更美好
北京金风公益基金会,MS4wLjABAAAAXE4x9gfQSSyExKrbAseQKtP-pyXw4HNe2kHIrP8zwEg,https://p3-pc.douyinpic.com/aweme/100x100/aweme-avatar/tos-cn-avt-0015_df1bfcca51d5bb38c700e6b56e2e3412.jpeg?from=2956013662,金风文化,jinfengkeji,3.8万获赞,2.1万粉丝,金风科技企业文化宣传抖音号投稿请直接主页点击联系电话
北京金风公益基金会,MS4wLjABAAAAUaQ0jcW4JjsXeDEx6Rg9bD-yeWM89tqDcY-89prHuq0FNHYOGbENk4x-De2BcNq_,https://p3-pc.douyinpic.com/aweme/100x100/aweme-avatar/tos-cn-avt-0015_a60814d565a279c4c011df1ca0ccde60.jpeg?from=2956013662,金凤区禁毒委员会,2214770643,49.2万获赞,30.4万粉丝,金凤区禁毒委员会，禁毒和你在一起
北京金风公益基金会,MS4wLjABAAAAALEvdh-xTF_7vpLVZ2kfBlAHGrqaLA6Oiu201pJT7Bg,https://p3-pc.douyinpic.com/aweme/100x100/aweme-avatar/tos-cn-i-0813_e0a3f934070443ea85b82c023215fbf5.jpeg?from=2956013662,谢金凤生猪调运,Xf15872339280,500.0万获赞,33.5万粉丝,本人一线从事生猪行业十余年，在养殖、生猪调运、屠宰等全产业链积累了深厚的产业经验和广泛的人脉资源！金凤卖猪，让你的猪M个好价，让收猪贸易商收到货对版的猪！你有生猪我有价，卖猪买猪闯天下！抖音关注我，带你了解最新猪价行情
北京金风公益基金会,MS4wLjABAAAAzV_QRRtFLGlYJaQ-niFTUwM5l28pLc_fzkZyeH7P1KI,https://p3-pc.douyinpic.com/aweme/100x100/aweme-avatar/mosaic-legacy_2e13b00070cf5a0c483e4.jpeg?from=2956013662,金丰盛,tianjiuniuge,3.2万获赞,13.8万粉丝,天九牛哥
茂名市茂南区石化幼儿教育管理中心文明幼儿园,MS4wLjABAAAAlv8cwLadb6G-hG_h5RASECjB9FH-rr8ukFsBi10KeAo,https://p3-pc.douyinpic.com/aweme/100x100/aweme-avatar/mosaic-legacy_30e210003563f589a0b8a.jpeg?from=2956013662,茂名市茂南区梧桐树幼儿园,1628850162,1.2万获赞,1543粉丝,梧桐树幼儿园位于茂名市茂南区建设路324号，环境优美，师资完善，整体建筑面积达到4800平方米，设有多种功能室与宽敞的户外活动场所。我们以“五育并行，多元成长”为办学宗旨，以培养孩子的德、智、体、群、美全面发展为教学方向。特色课程有：幼儿英语、奥尔夫音乐、感统训练、少儿足球、美术、花式篮球、快乐体智能、少儿舞蹈等。
茂名市茂南区石化幼儿教育管理中心文明幼儿园,MS4wLjABAAAAuqUwTuQ5jBkBKDfhaG89ZeNU3k8Dl3_0p9q4cDkSehmVtx42Vg4hQ5Sj9rxTgwkn,https://p3-pc.douyinpic.com/aweme/100x100/aweme-avatar/tos-cn-i-0813_091ec0580b1e4b93ac1aab6bbd483743.jpeg?from=2956013662,茂名市茂南区艾乐幼儿园,aile15820198999,3408获赞,515粉丝,以爱之名，不止于爱
茂名市茂南区石化幼儿教育管理中心文明幼儿园,MS4wLjABAAAAFUNekiPaS6U_1TNK_cN-AfnME6WShgyaOWbQvEhjfWk4A-dnUhkUMcwKATJE5kq2,https://p3-pc.douyinpic.com/aweme/100x100/aweme-avatar/tos-cn-i-0813_5ba55b69ff6243f3807abf12635186a5.jpeg?from=2956013662,幼儿园教育,yueliang594501,30.5万获赞,4.2万粉丝,幼教工作者一枚所有内容都有完整版/电子档需要可找我聊天哦文案裙＋卫信: 1216059858
茂名市茂南区石化幼儿教育管理中心文明幼儿园,MS4wLjABAAAA3V69LvvsPOtpaBgQATumSiFkzy1lY6SxEoOL9KHNYlY9qS7lHYx16HOW54QBPFFl,https://p3-pc.douyinpic.com/aweme/100x100/aweme-avatar/mosaic-legacy_31724000804b499927ad2.jpeg?from=2956013662,茂名市茂南区春雨学校,Lee83,7065获赞,1130粉丝,茂名市茂南区春雨学校，本校建于2003年，占地15亩，是教育局重点审批建设的九年一贯寄宿制专门教育类型学校。
茂名市茂南区石化幼儿教育管理中心文明幼儿园,MS4wLjABAAAAwUzgL1iuHbRbdaUZSJ4OHGbMws_J9oovDmTrYgORVDU,https://p3-pc.douyinpic.com/aweme/100x100/aweme-avatar/tos-cn-i-0813_87bb9a2cd0234e79a1343b5216484942.jpeg?from=2956013662,教育（幼儿园）,WDJY6666520,1.2万获赞,1348粉丝,这里是孩子的启蒙乐园，分享与孩子们共同成长的点点滴滴……
宿迁市风景园林协会,MS4wLjABAAAAnoegxZ5Ksot_LOT5vPeHGBaKFfwdH5Jg0t0f-tz9laBAp0paVsx0nrHi0RwXp3Yi,https://p3-pc.douyinpic.com/aweme/100x100/aweme-avatar/douyin-user-image-file_47ab8b5cade4947dfa5752c39254c727.jpeg?from=2956013662,宿迁吉圭绿化园林有限公司的小店,95498233082,3.9万获赞,9592粉丝,此用户没有填写简介
宿迁市风景园林协会,MS4wLjABAAAAnzdOs29YawZPJeXmO-KHXGzqUE_evV_Krz5xgsAjAMo,https://p3-pc.douyinpic.com/aweme/100x100/aweme-avatar/tos-cn-avt-0015_e7a051df7dbda5d53ec361150cee919f.jpeg?from=2956013662,宿迁梵霖园林绿化工程有限公司,ig9777,93.9万获赞,12.9万粉丝,本基地长年 出售 各种 花卉 绿化 苗木专注 庭院景观 园林 绿化 工程 欢迎 各位朋友 来电咨询
宿迁市风景园林协会,MS4wLjABAAAAWRvvbb6dd6gJaLPFw5zyTKl-4HT_9ORY9hBmP-oJIWs,https://p3-pc.douyinpic.com/aweme/100x100/aweme-avatar/tos-cn-avt-0015_3f93087c16caded7994154d2e6bb5162.jpeg?from=2956013662,小郇园林,huan_Hik,516.6万获赞,20.8万粉丝,🪷 我叫 郇郇 （huan）嬛嬛 常年销售各种绿化竹子 沭阳天宇天和小区东门开了家“小郇土特产”沭阳铁甲志愿者协会成员所拍视频均是剧情、请勿当真愿世间美好与你 郇郇相扣私信和评论不能一一回复 请谅解 郇郇、
宿迁市风景园林协会,MS4wLjABAAAAVCRwsXc9Cmqrhe23qyatNApNkvgvVB-gLvOvb3mDFy0,https://p3-pc.douyinpic.com/aweme/100x100/aweme-avatar/tos-cn-avt-0015_a9e0dc9bf947c78ecd634b98914e2ecd.jpeg?from=2956013662,宿迁聚之森园林苗木有限公司,1794312577,6552获赞,1.8万粉丝,山上青松山下花花笑青松不如它有朝一日寒霜降只见青松不见花
宿迁市风景园林协会,MS4wLjABAAAAK1i7-7kJmkMULOfmjFf_DHSoIk4azffP6QB4sCwCd8c,https://p3-pc.douyinpic.com/aweme/100x100/aweme-avatar/tos-cn-i-0813_354caa1b5ecf46d88e854c4d645afa2a.jpeg?from=2956013662,宿迁长景园林有限公司,1865093319,4.1万获赞,6659粉丝,本基地位于江苏省泗洪县界集镇，苗圃800亩，专业种植红榉树，超大株行距，冠幅优美！
北京区块链技术应用协会,MS4wLjABAAAASKVYD2bDwRzeCP34YBkMpG3z1e4DNGLYyJlIwAcS9dbNpIHQzBuXcr9kCQboi_VL,https://p3-pc.douyinpic.com/aweme/100x100/aweme-avatar/tos-cn-avt-0015_265b7be6a1f7a956d2d573c5a8621b4f.jpeg?from=2956013662,北京刑辩丁飞鹏律师,beijinglvshi,269.3万获赞,36.7万粉丝,【业务范围】：区块链、虚拟币、外汇、钱庄、司法处置、合规顾问、刑辩和疑难复杂民商诉讼。【承办】：交易所、OTC承兑和场外、跑分、车队，卡商卡贩、洗币、赌场、钱庄、矿机纠纷、骗币盗币、上分下分、银行卡解冻等案件数百件、涉案资产数百亿美金。【办案范围】：团队大本营在北京，全国办案。丁飞鹏，中共党员，北京链通律师事务所合伙人、主任，南京信息工程大学特聘教授，武汉大学研究生学历，江西云智大数据产业研究院法律专家，武汉大学北京校友会法学分会副秘书长。V：17896077186
北京区块链技术应用协会,MS4wLjABAAAAJ0Il0M3kmLMAXgviHc4BBKHjyifjKLyqc7TjIus3n2u6uxoDiGHP3LMTW3Ce5CF-,https://p3-pc.douyinpic.com/aweme/100x100/aweme-avatar/tos-cn-i-0813c001_e2368386d7224bb982434565083075cd.jpeg?from=2956013662,夏,518Alan,59获赞,148粉丝,浙江省区块链技术应用协会
北京区块链技术应用协会,MS4wLjABAAAAwUsoxp89k-U2-eXkv-sZlhBEPPmKp6m3CGeszqke4I2coOO7aMM7IXJKJA1c5AFU,https://p3-pc.douyinpic.com/aweme/100x100/aweme-avatar/douyin-web-image_32e65bfbec2f93a79966d3fe2d9eeddc.jpeg?from=2956013662,上海区块链技术协会,shbta,1034获赞,684粉丝,我们是引领区块链行业的标杆市级协会全国300多家会员单位，129名政产学研用智库专家为100+企业解决数字化转型方案主办全球大型科技盛会，直播数据破千万累计促成100+企业达成订单、投融资服务区块链应用操作员职业技能等级认定证书考试 认定机构区块链唯一科技评价机构资质
北京区块链技术应用协会,MS4wLjABAAAAH9f8QQE-DuvCyCp8ys7xbRQ2EFvmAf9JEppYZf9561vxDdUAlbnhspp5hjauY7e-,https://p3-pc.douyinpic.com/aweme/100x100/aweme-avatar/tos-cn-avt-0015_409c909a99228d9ae804689ecddf7ac7.jpeg?from=2956013662,北京链通律师事务所,VX..liantong717,1.4万获赞,1866粉丝,北京链通律师事务所的业务方向为区块链技术应用、互联网科技、外贸外汇、数字金融、网络犯罪等领域的刑事辩护（组织领导传销罪、非法集资、掩饰隐瞒罪、非法经营罪、集资诈骗和开设赌场罪等），银行卡解冻（含平台账户解冻），民商事纠纷与维权，虚拟资产司法处置合规，海外合规（含主体注册、牌照申请、政策监管调研），常年法律顾问业务，和其他非诉业务等。
北京区块链技术应用协会,MS4wLjABAAAAYFou2bOSiZLn9vzLj6_uP_hM8gz4nlw8j6KK5yWVQew,https://p3-pc.douyinpic.com/aweme/100x100/aweme-avatar/mosaic-legacy_2e161000792981ff4d65f.jpeg?from=2956013662,西链协,xbaachina,204获赞,138粉丝,西安市区块链技术应用协会官方账号
商洛市核桃产业协会,MS4wLjABAAAAz5zeUM1Br5ZJ6qxRQ42KVN3OcSpP4mxc9nnm6qSYetU,https://p3-pc.douyinpic.com/aweme/100x100/aweme-avatar/tos-cn-avt-0015_a9e75e9ca249ec57189540cdd02a23f1.jpeg?from=2956013662,商洛核桃产品,shxshlpgy,224获赞,316粉丝,来自核桃之都、气候康养之都，秦岭山珍 、商洛核桃致力于商洛核桃的宣传推广及加工，为商洛核桃事业献出一份力量。
商洛市核桃产业协会,MS4wLjABAAAA74i3NPiHImkxFrQrgAejFqCEMtTjb8HVpod1Xmt2xi4,https://p3-pc.douyinpic.com/aweme/100x100/aweme-avatar/tos-cn-i-0813_1763985412b64e048ea5248f065ff184.jpeg?from=2956013662,商洛核桃,1460797214,2.2万获赞,2769粉丝,我很简单，谁对我好我就加倍对谁好
商洛市核桃产业协会,MS4wLjABAAAAxmqr4DQwhHM8kt2X3335Ogpl73eXNRr7Ob7McUgAj_M,https://p3-pc.douyinpic.com/aweme/100x100/aweme-avatar/tos-cn-i-0813c001_f391328edacb4e02bef0d7edddabe06f.jpeg?from=2956013662,陕南核桃哥袁芳齐,shangluohetao,8.3万获赞,1.6万粉丝,()抖音记录美好生活()我来自陕西商洛秦岭大山里()通过短视频展示原生态农产品()宣传家乡不忘初心（直播见）()陕农优品推荐官()三农自媒体
商洛市核桃产业协会,MS4wLjABAAAAxtGraU3eIsPoHCbm91VOPmGY9CP8zPUkk_MKEru7UZY,https://p3-pc.douyinpic.com/aweme/100x100/aweme-avatar/tos-cn-i-0813c001_851a4d734bd642999d31722e16ae2180.jpeg?from=2956013662,商洛核桃站,47276958386,588获赞,171粉丝,此用户没有填写简介
商洛市核桃产业协会,MS4wLjABAAAAqXye2LNP5Ql23UQ4DLSpYqqRBvSk_Xpk87uDInPRF7o,https://p3-pc.douyinpic.com/aweme/100x100/aweme-avatar/mosaic-legacy_1e0a50007bf171ffd3b00.jpeg?from=2956013662,盛大红仁核桃,2229377434,1.3万获赞,2904粉丝,商洛盛大实业股份有限公司专注于核桃壳精深加工，红仁核桃引进繁育推广，红仁核桃引进国内第一人
徐州市云龙区大郭庄街道兴云友扇健身中心,MS4wLjABAAAAaYBCi7-yZfZC-EXufioXhavK5w7jDodsFjbDK-Y9tcg,https://p3-pc.douyinpic.com/aweme/100x100/aweme-avatar/tos-cn-i-0813c001_04816761a80d4ffda748457c21df189d.jpeg?from=2956013662,徐州云龙区大郭庄拆迁,dyzcdxoi1941,7.7万获赞,1427粉丝,热爱祖国，热爱党
徐州市云龙区大郭庄街道兴云友扇健身中心,MS4wLjABAAAATqW6BnzNH1EvHp5qLJbAkDyI0tEgcBn91aLUlFjHVlL0irxkeMFi-CtA6GbvrnDL,https://p3-pc.douyinpic.com/aweme/100x100/aweme-avatar/tos-cn-i-0813_3453f2e488304181a93027bff48c6bb6.jpeg?from=2956013662,云龙区,dyoqkwu8gnj9,2.4万获赞,774粉丝,此用户没有填写简介
徐州市云龙区大郭庄街道兴云友扇健身中心,MS4wLjABAAAAbGoQ5ZIgmN-C0Majup1m2e73MIvOyipZwdq1kKqHPwo,https://p3-pc.douyinpic.com/aweme/100x100/aweme-avatar/tos-cn-i-0813c001_4e7d2b33a7104529865ecd9ca46bdd40.jpeg?from=2956013662,云龙区,96743034,3375获赞,1102粉丝,此用户没有填写简介
徐州市云龙区大郭庄街道兴云友扇健身中心,MS4wLjABAAAAgR7WZAgJs3k0dwn1lRZBxturUNj-2a-CNIJOIF3ref8,https://p3-pc.douyinpic.com/aweme/100x100/aweme-avatar/tos-cn-avt-0015_710f5ac5c167ce56ff200cdb0d3db3a6.jpeg?from=2956013662,云龙山庄,damei000777,7.0万获赞,5573粉丝,云龙山庄
徐州市云龙区大郭庄街道兴云友扇健身中心,MS4wLjABAAAAFge6gAN_BLCFuoiBucSfYrwXtsBea7aCZD1FRZqFh78,https://p3-pc.douyinpic.com/aweme/100x100/aweme-avatar/tos-cn-i-0813_d199acaf9ed3468587135e666dbb2257.jpeg?from=2956013662,徐州市云龙区,dyo1i5pn24g9,496获赞,57粉丝,此用户没有填写简介
雅安市名山区溪河养老服务中心,MS4wLjABAAAANpzemhp1helDpdvjw2EJIDcFavBxGZRMBkkAW-wV2XxiDQNzp9jh2TJ3ET9v7Kq0,https://p3-pc.douyinpic.com/aweme/100x100/aweme-avatar/douyin-user-file_c31274fb01c93b978c9edb2f1260a149.jpeg?from=2956013662,四川，雅安，名山区中峰镇三江坝九哥,dy5v8qu80vuw,5074获赞,991粉丝,九哥
雅安市名山区溪河养老服务中心,MS4wLjABAAAA6sPOPpa52XqLlHNgUxeNYYEJd4YJO5QYkHKDHgCEGyQ,https://p3-pc.douyinpic.com/aweme/100x100/aweme-avatar/mosaic-legacy_31ccc00001d7257e6341c.jpeg?from=2956013662,四川寿乐康养老服务有限公司,Shoulekang999,2.7万获赞,1.4万粉丝,孝.爱传递，我们一起努力把中国传统文化传递下去
雅安市名山区溪河养老服务中心,MS4wLjABAAAAYbW-V9u5xUJHAEvQd8l2LEQHXIOnkjxHv2k7ecBdbmI,https://p3-pc.douyinpic.com/aweme/100x100/aweme-avatar/douyin-user-private-image_e1d13f064209dfa29228f6a56d5fb512_4041234461268.jpeg?from=2956013662,雅居养老服务中心,yajuyanglaof50,7.1万获赞,1.1万粉丝,欢迎入住雅居养老服务中心一切为了老人为了老人一切快乐养老品质养老口碑比赚钱重要100倍
雅安市名山区溪河养老服务中心,MS4wLjABAAAAmjcCSOuQIbxZDBeSJL0anyn8a8H_Wd6e8GtaNUHoQlqLrDxn5ynSik6tqKML2GvK,https://p3-pc.douyinpic.com/aweme/100x100/aweme-avatar/tos-cn-i-0813_62c0734dba8544adb91761e4c292a106.jpeg?from=2956013662,寿山福海养老服务中心,ssfh88993621,4.3万获赞,9489粉丝,五星级养老机构连锁品牌寿山福海更懂中国老人入住咨询请私信哟~
雅安市名山区溪河养老服务中心,MS4wLjABAAAABwD7Vy1AD1KiMpxYRu3vKyx31O4HwR4cmbx1W-yOpSo,https://p3-pc.douyinpic.com/aweme/100x100/aweme-avatar/tos-cn-i-0813_ddcc5a29fb8f40d082dce128cf6a74be.jpeg?from=2956013662,竹市养老服务中心,dya6mo0zkhmj,5806获赞,2290粉丝,养老服务 湖南梦故乡竹市养老服务中心位于竹市镇三二0国道旁(原竹市收费站）大院内，一家专注失能失智、高龄老人、残疾人等照护的护理型服务中心。养老服务中心共开设床位50余张，护理楼一、二、三楼分区设立长者居住区。内设有独立洗漱卫生间、公共洗漱卫生间、电梯、消防楼梯、洗衣房、护工室；房间内配备有功能性护理床、空调以及一键呼叫系统；室外、卫生间、楼梯间安装了无障碍扶手，24小时监控系统等设备
平昌县老年人协会,MS4wLjABAAAAjT_uzQRQVrYIRdzdb-XR7PxGmAU3BoQ6JIe_ZMNy5LE,https://p3-pc.douyinpic.com/aweme/100x100/aweme-avatar/tos-cn-i-0813_b896f584ac704c73ae5a324d624e2fd9.jpeg?from=2956013662,平昌县融媒体中心,pcxrmtzx,1327.6万获赞,32.7万粉丝,HI，我是平昌县融媒体中心官抖有什么需要帮助的地方，可以直接私信哦~
平昌县老年人协会,MS4wLjABAAAAFeYOdo-gnG7L0HQ2hCKT9QZ8HN79yFkbl7_i4dM3HNGLIqed-WWkH0mA1RgSnlMm,https://p3-pc.douyinpic.com/aweme/100x100/aweme-avatar/tos-cn-i-0813_cb699bec383b49148554a4714479856f.jpeg?from=2956013662,老年协会,38740561788,2100获赞,925粉丝,敬老从心开始，助老从我做起
平昌县老年人协会,MS4wLjABAAAABksOpQPJU82TNXf5ugbUuLdUnulkrAqz0MzKcXBCTelU5dCjrsW9FTfjwQsUw6TZ,https://p3-pc.douyinpic.com/aweme/100x100/aweme-avatar/tos-cn-i-0813_17ce5d94de3c44168cdd9c43d6662c29.jpeg?from=2956013662,老年协会,dyiywe27ni9v,843获赞,494粉丝,此用户没有填写简介
平昌县老年人协会,MS4wLjABAAAALHDXoD6v4rsQ7cpR__IfX0yoUMK-SpRvFuIwVBsfrWw,https://p3-pc.douyinpic.com/aweme/100x100/aweme-avatar/tos-cn-i-0813_800322bea2cc4401959185d8872fbed4.jpeg?from=2956013662,平昌,pingchang49612,3951获赞,424粉丝,此用户没有填写简介
平昌县老年人协会,MS4wLjABAAAA0udj7lrgFoG2EI0E5zLeS09vVELK7oW2nKhBi6A614b1Ye5dmNJES6OeXyGC0ykZ,https://p3-pc.douyinpic.com/aweme/100x100/aweme-avatar/tos-cn-avt-0015_953d30248c2aa7a2097323246c552a6b.jpeg?from=2956013662,老年协会,dy1c2opqly031,966获赞,65粉丝,此用户没有填写简介
深圳市花卉协会,MS4wLjABAAAA1_G0bvlt_SUT84ucrLiFlAfJAuIVyvFHG8vkmjJCdF6SRIJXQnusbf8oymYZASgC,https://p3-pc.douyinpic.com/aweme/100x100/aweme-avatar/tos-cn-avt-0015_6aab041dff59dc5dceb4eb4c1d23a0de.jpeg?from=2956013662,东昇花卉,Dongsheng7003,16.9万获赞,14.1万粉丝,绿植爱好者 卖花的老板娘 分享养护经验直播时间：早上11点 晚上九点感谢抖音 用视频记录奋斗的生活脚踏实地 坚守品质任何售后问题可以直接私信联系我
深圳市花卉协会,MS4wLjABAAAAoHMWVn6L6imCyW_wCT0G-yvPHceaXS0w5b2epvgxpqY,https://p3-pc.douyinpic.com/aweme/100x100/aweme-avatar/tos-cn-avt-0015_b50a543d5f444d3163c61c01ddda84ea.jpeg?from=2956013662,深圳华辉大人力资源,Huahui__HR,12.7万获赞,7.2万粉丝,英雄不问出处，普工也有出路。找工作请点头像，右边私信按钮私信必回，更多招工信息，更多好厂选择
深圳市花卉协会,MS4wLjABAAAA9QL2KPTWkcZdX6kupgSkru1DOmRXCIrQtd-GhW3inNGfxrQoWSuXsI9U4WU2N54H,https://p3-pc.douyinpic.com/aweme/100x100/aweme-avatar/tos-cn-avt-0015_f3ad460606db024160050d1b850fa76f.jpeg?from=2956013662,海螺花卉,v15987153149,17.3万获赞,11.8万粉丝,每天晚上9点左右直播，品牌基地A级稀有品种玫瑰百合等现场秒，保证品质保证售后，顺丰物流有保障
深圳市花卉协会,MS4wLjABAAAAdOaT_5ReiFUNlUKoxoI3ekst5cnUQUPzgLq6t-T7X2c,https://p3-pc.douyinpic.com/aweme/100x100/aweme-avatar/mosaic-legacy_2f72b0005ea5686d7d51f.jpeg?from=2956013662,深圳市绿景园林花卉有限公司,VV18603032853,13.3万获赞,4.0万粉丝,喜欢收集各种进口品种太阳花，抖音会不定时分享，喜欢的可以关注下，也会不定时分享其他品种。每次分享都是对接自家花友，价格低不是针对任何同行，也不是天天都分享，望友友们理解！
深圳市花卉协会,MS4wLjABAAAAogb9zqqppjnhwQ3qZO6Bf4P8qs4GzzbUIv2qyzgzLOI,https://p3-pc.douyinpic.com/aweme/100x100/aweme-avatar/tos-cn-i-0813_843b9fea2f3a4d139c192076e5c69748.jpeg?from=2956013662,小白家花卉,XBHH99,399.3万获赞,219.1万粉丝,现在直播号：花小派鲜花请你来这里找我哦
青海省文艺志愿者协会,MS4wLjABAAAAAByMl_1fAP_-ZHMXNij9q7Y2xiRFWAegG7Q4Y4SjeZkKygojxjnG_Bnf3VGukBXY,https://p3-pc.douyinpic.com/aweme/100x100/aweme-avatar/douyin-web-image_b3c69d24d7d1f42665f161c00c9561ee.jpeg?from=2956013662,青海省禁毒防艾志愿者协会,Q.H.A.A,7361获赞,853粉丝,非盈利公益组织
青海省文艺志愿者协会,MS4wLjABAAAA59crO4QRRf2mb5PEV_sOhMEKXeZMJzNf1OxGg94P7ms,https://p3-pc.douyinpic.com/aweme/100x100/aweme-avatar/tos-cn-i-0813c001_456022d98318436aaabebad596b59f16.jpeg?from=2956013662,中国文艺志愿者,zgwlzyfw,42.3万获赞,8.3万粉丝,中国文艺志愿者协会官方抖音号
青海省文艺志愿者协会,MS4wLjABAAAAkoihOXQhmE5KSSZft0mS2d7EIg82vuDDbLKjGztTh6U,https://p3-pc.douyinpic.com/aweme/100x100/aweme-avatar/tos-cn-i-0813_b6a0c2899ed74c32bfce22d56b1c22ff.jpeg?from=2956013662,青海省文化艺术职业学校,QHYXGFDY,1.2万获赞,1688粉丝,青海省文化艺术职业学校是我省唯一一所专业艺术学校，设有舞蹈表演、乐器演奏、声乐表演、美术绘画、学前教育等欢迎报考联系电话0971—6264284
青海省文艺志愿者协会,MS4wLjABAAAAagZSiGpVRGzeQ0idszHCu68dmqn49PWOxIAXHY6APds,https://p3-pc.douyinpic.com/aweme/100x100/aweme-avatar/douyin-web-image_9a42e3f6f52c57572ae21f28e803b282.jpeg?from=2956013662,青海民族大学青年志愿者协会,qhmzdxqnzyzxh125,6641获赞,1442粉丝,“奉献，友爱，互助，进步”
青海省文艺志愿者协会,MS4wLjABAAAAgISMrF2ubyBkz1tvqcx0ZS0aBNZK0RrqdE0AfhY4kZY,https://p3-pc.douyinpic.com/aweme/100x100/aweme-avatar/mosaic-legacy_319f200037d7816b539c8.jpeg?from=2956013662,杭州市文艺志愿者协会,hzwyzyz,125获赞,94粉丝,此用户没有填写简介
四川大唐专修学院,MS4wLjABAAAAB5g3DoPvMJSOl7DKN0NApM9T6vUBwZNt764rxvMuOkM,https://p3-pc.douyinpic.com/aweme/100x100/aweme-avatar/tos-cn-avt-0015_aa5cf10208e39e1d9eb2628045de41ad.jpeg?from=2956013662,大唐·,wxr3699,1418.9万获赞,285.6万粉丝,此用户没有填写简介
四川大唐专修学院,MS4wLjABAAAAkjk6eFJGqc4qD2pEi4QCy0E8yTvUhj5deOOQtGxt0I0,https://p3-pc.douyinpic.com/aweme/100x100/aweme-avatar/tos-cn-avt-0015_21147ba0b9b904626d187a688c586137.jpeg?from=2956013662,中国大唐,cdtcdt,23.3万获赞,4.8万粉丝,为世界提供动力 为人类带来光明
四川大唐专修学院,MS4wLjABAAAAHxrnXURZqjzDIQvMHjksp8lJr3iwOwSbPjhrUD2X-jmNQ8FrsGh-FIz55vYLSpHh,https://p3-pc.douyinpic.com/aweme/100x100/aweme-avatar/tos-cn-i-0813_8d1ce74455044c03a1559cb15ecd4ab8.jpeg?from=2956013662,四川大唐,sichuandatan63,2.2万获赞,1284粉丝,四川点江劳务有限公司
四川大唐专修学院,MS4wLjABAAAAcOsIN2fIowjoReKboLRC1YpXeJFmJAle0sulawGqTxc,https://p3-pc.douyinpic.com/aweme/100x100/aweme-avatar/tos-cn-avt-0015_0b1df7ee5a6fc07ca695e0d10c8d78c6.jpeg?from=2956013662,大唐传媒12345,664864438..,666.6万获赞,107.0万粉丝,感谢关注
四川大唐专修学院,MS4wLjABAAAAWSq0SyhXO3dyQllSRGXXzdv6uSvldIWU54dh7nV5XX0,https://p3-pc.douyinpic.com/aweme/100x100/aweme-avatar/mosaic-legacy_2ea2a000895b90f2e85ea.jpeg?from=2956013662,大唐芙蓉园,271461641,153.3万获赞,17.1万粉丝,春日里一起，漫游唐朝
彬州市太峪镇小天使幼儿园,MS4wLjABAAAAvffrC9Ns_6ss7JV5xtDALUHJKcuKmA3QXiJIbpiPMcw,https://p3-pc.douyinpic.com/aweme/100x100/aweme-avatar/tos-cn-i-0813_75188b1bfdf64ec9b173b3e08b38dc03.jpeg?from=2956013662,小天使幼儿园,1684536628,30.4万获赞,2.2万粉丝,用爱养育，用心教育。
彬州市太峪镇小天使幼儿园,MS4wLjABAAAAQYVir6WDGJnAkdJF0_8U1683YJ-KqEso1fV3_uNTuW0,https://p3-pc.douyinpic.com/aweme/100x100/aweme-avatar/tos-cn-i-0813_cb53a24006fe4340a34e643fd3afa487.jpeg?from=2956013662,小天使幼儿园,991671070,2.1万获赞,1154粉丝,此用户没有填写简介
彬州市太峪镇小天使幼儿园,MS4wLjABAAAArgbrVx_SqvVgrrHtT_YcxtRZYZV2X3fJ2H7t1O1SyWA,https://p3-pc.douyinpic.com/aweme/100x100/aweme-avatar/tos-cn-i-0813_43a8b690e17c4416a629ebe2ec27a7d3.jpeg?from=2956013662,小天使幼儿园,1811139325,9.0万获赞,2177粉丝,此用户没有填写简介
彬州市太峪镇小天使幼儿园,MS4wLjABAAAAmvK2yvsY46ES3wgWCKjHxpJSWwnH1Fv6ZcqSrIhyGmc,https://p3-pc.douyinpic.com/aweme/100x100/aweme-avatar/douyin-user-file_7b2dfcde23cb01cca50a3d8f5b65c6a1.jpeg?from=2956013662,天使幼儿园,179849711,4.8万获赞,3780粉丝,乡镇民办示范园
彬州市太峪镇小天使幼儿园,MS4wLjABAAAA61vGeHeEOa7oH2X-2oR-N3jr-4IrY1tmx3elC3wUyTg,https://p3-pc.douyinpic.com/aweme/100x100/aweme-avatar/tos-cn-i-0813c001_b7ac724ca5a949239170eb2f8ee27b77.jpeg?from=2956013662,小天使幼儿园,858492457,7.1万获赞,7234粉丝,联系电话13453367549
普合乡欣欣幼儿园,MS4wLjABAAAAJh6vyu0FZ2tMvOsx9fpXChSbrMaqzN95y3GfhDqkB_w,https://p3-pc.douyinpic.com/aweme/100x100/aweme-avatar/tos-cn-i-0813_7a629921b8d6480ab6aa84df5a248f65.jpeg?from=2956013662,欣欣幼儿园,tkdyl520,3.3万获赞,7072粉丝,踏实幼教，用心守护孩子们快乐的童年！感谢抖音 感谢所有关注和支持的朋友们 让我们一起走到不断成长的路上
普合乡欣欣幼儿园,MS4wLjABAAAA-MYsEAR_jK8bk-_2ZqX6QeuDWL3XMIcZET8o_SxAljU,https://p3-pc.douyinpic.com/aweme/100x100/aweme-avatar/tos-cn-avt-0015_6be332c9685e491cbf2fa645c6b5bfe1.jpeg?from=2956013662,欣欣幼儿园,Zif.229480377,2.5万获赞,1820粉丝,一所乡村普惠性民办幼儿园用心记录幼儿园的美好时光承蒙厚爱，感谢喜欢与支持总有一些小美好值得我们珍藏
普合乡欣欣幼儿园,MS4wLjABAAAAgWnsBNhhSzCngLGFgfZkxO_bQRo8cPVGfvsxm3-dfWI,https://p3-pc.douyinpic.com/aweme/100x100/aweme-avatar/tos-cn-i-0813_45b15c9eba2b48f987a9d4e734a2d421.jpeg?from=2956013662,欣欣幼儿园,1732610865,1.6万获赞,1249粉丝,欣欣幼教，您“欣”仪的幼儿园!
普合乡欣欣幼儿园,MS4wLjABAAAAi917uB4eXM2AxuTnoc8b_hEh5EBUmfY-Q6plXTyBaqM0CpLson8RDYGUaGfDdPB_,https://p3-pc.douyinpic.com/aweme/100x100/aweme-avatar/tos-cn-i-0813_36ac47fcbad94636b2694d81488d4a2e.jpeg?from=2956013662,欣欣幼儿园,25468279089,1462获赞,289粉丝,#欣欣幼儿园 实时更新每个班的状况～感谢粉丝们的关注与支持
普合乡欣欣幼儿园,MS4wLjABAAAA3uQRLS__6V1hrLk7wOhXpbb4LjooXMKoLGODM6o-Clo,https://p3-pc.douyinpic.com/aweme/100x100/aweme-avatar/tos-cn-i-0813_61b2a89b828745a1a21ab11513e25cad.jpeg?from=2956013662,欣欣幼儿园,64837641007,1302获赞,777粉丝,此用户没有填写简介
泾源县老年文化活动中心,MS4wLjABAAAA_nN32kl6RiVenvGhz-Xo0AG7bZEPRe4wqrryF9bz6ds,https://p3-pc.douyinpic.com/aweme/100x100/aweme-avatar/mosaic-legacy_28602000272f1ef8a4afc.jpeg?from=2956013662,泾源县融媒体中心,jytv1779549135,5.4万获赞,6229粉丝,泾源县融媒体中心官方抖音号
泾源县老年文化活动中心,MS4wLjABAAAAzEgCBBBA30AZdE4H2C7kQvjXmJGSkxZJ4os8d2nOt3NbE9wtupxRMNNSQocEfl76,https://p3-pc.douyinpic.com/aweme/100x100/aweme-avatar/tos-cn-avt-0015_5d511b46180d84326f67187995525d15.jpeg?from=2956013662,泾源县融媒体中心,jytv1779549135,5.4万获赞,6229粉丝,泾源县融媒体中心官方抖音号
南京市玄武区朝茶夕瓷社区创新项目发展中心,MS4wLjABAAAAdCgdNPmN0Fs43fADwk8qe7E2AAKaCb7JhiF-IsGctjc,https://p3-pc.douyinpic.com/aweme/100x100/aweme-avatar/tos-cn-avt-0015_3256cf5dfc0e55389d919c1149214957.jpeg?from=2956013662,朝茶夕瓷,131364784,1476获赞,4.6万粉丝,随缘随心，专注高端茶具！
南京市玄武区朝茶夕瓷社区创新项目发展中心,MS4wLjABAAAAwlwyk03B2pG0ymeLKeoiT41UxY9_dzHTMFFTObNW4w0,https://p3-pc.douyinpic.com/aweme/100x100/aweme-avatar/tos-cn-avt-0015_a2d9298de07b2a520a96b73329c427ea.jpeg?from=2956013662,南京市玄武区清彩咖啡店,MEWE2018,141.7万获赞,5.1万粉丝,ME WE store爱豆周边七彩欧妮追星使我快乐门店已于2022.5.31彻底闭店 勿跑空
南京市玄武区朝茶夕瓷社区创新项目发展中心,MS4wLjABAAAAJOWEaqwIJ0NITmS-neBKvSvbCSlHLuyzLqsfefx2mPVscq_taQ6TuV0sQRxY3sI0,https://p3-pc.douyinpic.com/aweme/100x100/aweme-avatar/tos-cn-avt-0015_44721ce2f51a7d8040731b68b2055707.jpeg?from=2956013662,朝茶夕瓷（好物在橱窗）,Z0056666,648获赞,988粉丝,如果你也刚好看到星辰 那就当我们的见面吧. 坚持分享好玩 好用 有趣的东西视频同款点这里
南京市玄武区朝茶夕瓷社区创新项目发展中心,MS4wLjABAAAAuhCxO2yjshxKKg2pGqA0o5i29YSqwyHhXGfnWXJP7RJ3hK73PFfluUoSVNK09ZSN,https://p3-pc.douyinpic.com/aweme/100x100/aweme-avatar/tos-cn-i-0813_41585646ef864d38a7eac5a62b096ba7.jpeg?from=2956013662,玄武区,dyckp1wgh2tl,6110获赞,2540粉丝,南京玄武区
南京市玄武区朝茶夕瓷社区创新项目发展中心,MS4wLjABAAAAkE7zS05Ai4f9F9gJZ2IWZsuKtoFHOK43jqvZTEQ6Pzw,https://p3-pc.douyinpic.com/aweme/100x100/aweme-avatar/mosaic-legacy_2dc20000102addf32f3c0.jpeg?from=2956013662,南京市玄武区参星室商贸经营部,Mein.Kampf,3.3万获赞,1710粉丝,灵魂深处的一丝执念，就是自己心中的道
中国医药企业管理协会,MS4wLjABAAAAmnpJArIe52Y84ciJr4ZYQJoT1tn6iduim7AcyOkSY9o,https://p3-pc.douyinpic.com/aweme/100x100/aweme-avatar/tos-cn-i-0813_e800b1ad2fca411ba3f7e55e268e0ce0.jpeg?from=2956013662,中国医药,8757854677.,29.2万获赞,54.1万粉丝,发布权威信息
中国医药企业管理协会,MS4wLjABAAAA8SDvvtfkzpeBgZxxH9U4bvPrws9OJ_oe1en9HQIBKiw,https://p3-pc.douyinpic.com/aweme/100x100/aweme-avatar/tos-cn-i-0813_391b3cc8996a4772a76b4d5c576ed7db.jpeg?from=2956013662,中国医药·防疫物资,cmpmaepmb,514.7万获赞,37.6万粉丝,中国医药物资协会防疫物资分会，2020年成立，致力打造一个规范化、规模化、专业化、有全国影响力防疫物资全产业链平台。防疫物资分会将于2021年4月20--22日在澳门威尼斯人会展中心举办“澳门国际防疫物资及中医药论坛暨展览会”
中国医药企业管理协会,MS4wLjABAAAA3W8IxuGJhZmfXajvW0D9HhYgS68Fs5OH7WI0IUUAeQ8,https://p3-pc.douyinpic.com/aweme/100x100/aweme-avatar/tos-cn-avt-0015_4cd45641374c37ec1573bc2414486301.jpeg?from=2956013662,张会长,100697238QQ,2.3万获赞,3037粉丝,全国卫生产业企业管理协会副会长 医疗器械分会执行会长 中国医药物资协会副会长 杭州市临平区药学会副会长 进贤县医疗器械行业协会副会长 爱光生物执行董事 创始人
中国医药企业管理协会,MS4wLjABAAAAIxIYRi_08Wpww6lH8TiMXzQsJrhN7VIR1J9HuMa2BQtUkGUN35xnO-109BSANFb0,https://p3-pc.douyinpic.com/aweme/100x100/aweme-avatar/tos-cn-i-0813_ad41be231cdd4e7286537092f5238299.jpeg?from=2956013662,中国医药报,dy5f0ctuzlr1,11.6万获赞,15.0万粉丝,国家药监局主管、中国健康传媒集团旗下的权威行业媒体。化妆品、药品、医疗器械的安全科学使用，以及你从头到脚的健康，我们都关心。这里的健康科普，权威、有用，值得信赖。
中国医药企业管理协会,MS4wLjABAAAAsabOwVqeqk7DGsIt3259Wo3DPN4RgWsTWfWKZ13_hoqzFn8mMl-9r2TmzphqPPn6,https://p3-pc.douyinpic.com/aweme/100x100/aweme-avatar/tos-cn-i-0813_41ff2fe8bc3b487fae2e6eeef6ed12cc.jpeg?from=2956013662,医药物流自动化管理,77831349883,6188获赞,1804粉丝,中国医药物资协会医药商业分会秘书处，搭建行业发展平台，助力企业成长
浙江省针灸学会,MS4wLjABAAAArJ5mMCOHgYrsXiqX5n0-HGze4uo3dcto0wHb9CxVryRAPFKxt43dyq-76NIt_DFp,https://p3-pc.douyinpic.com/aweme/100x100/aweme-avatar/douyin-user-private-image_efa5278658e4f4ab73deb3f40acd6c03_3620008293308027.jpeg?from=2956013662,浙江省中医院针灸科,78419068599,3.5万获赞,1.3万粉丝,本科室成立于1956年，是我院最具中医特色的科室之一。科室以传统中医针灸疗法为基础，结合现代医学，创新粗针疗法、引进腹针疗法、改良冬病夏治穴位贴敷、弘扬灸法，发展穴位埋线疗法，临床上对常见病、多发病及疑难病的针灸诊治水平已处于省内先进行列，部分疾病的诊治水平处于省内、国内领先行列。在学科带头人宣丽华主任的带领下，不断创新进取，经过30余年的发展，目前已成为浙江省集临床、教学、科研及国际培训为一体的针灸治疗中心，在国内、外具有相当的影响力。
浙江省针灸学会,MS4wLjABAAAAwadR9CVlJa1X87MxsnJGeuH1koHI0sZhpL34dUFbV1s,https://p3-pc.douyinpic.com/aweme/100x100/aweme-avatar/mosaic-legacy_fc31000094b0a2bf0309.jpeg?from=2956013662,针灸科许辛寅,1873314444,421.1万获赞,59.9万粉丝,针灸学博士，师从张家维教授、江钢辉教授、林国华教授、贾先红教授。擅长治疗颈椎病、腰椎间盘突出症、中风、面瘫、强直性脊柱炎、耳鸣耳聋、带状疱疹。
浙江省针灸学会,MS4wLjABAAAAjVX2XcuFhc-Mw9C4_RL1iMU4UvzDH6ulDomD9wSMlTygluzBQq99uT5LWgASWVGp,https://p3-pc.douyinpic.com/aweme/100x100/aweme-avatar/tos-cn-i-0813_ea169aa391fc44b2b408918beb500d3c.jpeg?from=2956013662,中医王俊博士,Wangjun_Dr.,1.4万获赞,1314粉丝,浙江省中西医结合医院杭州市红十字会医院浙江中医药大学 中医博士中国针灸学会腹针专委会委员浙江省针灸学会微针刀专委会委员浙江省针灸学会临床专委会青年委员浙江省中医药学会中医外治专委会青年委员
浙江省针灸学会,MS4wLjABAAAAYETv2xuzIK_NOFP4_jRulws1RenmdiGZeYEkz1GUfqs,https://p3-pc.douyinpic.com/aweme/100x100/aweme-avatar/tos-cn-i-0813_79d9d7e44eb4477da2a6d359bfa95de2.jpeg?from=2956013662,浙江省中医药学会,dyjfvy6blgce,1.2万获赞,2735粉丝,国内权威中医药科普短视频
浙江省针灸学会,MS4wLjABAAAA3aOKtFPQZL9SBJPMemKLJg0pGZa5oVbYIWM6PEW0zbKxqBTKJ2fI2luTTR-fyNW2,https://p3-pc.douyinpic.com/aweme/100x100/aweme-avatar/tos-cn-i-0813_c8b221903e714d389247c29004438d8e.jpeg?from=2956013662,针灸科封一平教授,fengyiping666,79.4万获赞,26.4万粉丝,中国中医科学院教授 硕士生导师中华医学会针灸会会员北京市朝阳区神经系统疾病医疗事故鉴定专家长期从事临床针灸 、神经内科工作。 擅长治疗：失眠、焦虑抑郁障碍及心理咨询、脑血管病急性、恢复及后遗症期、各类周围神经病、各类头晕头痛，颈肩腰腿痛骨科类疾病、
浙江省针灸学会,MS4wLjABAAAAZdxz88GmakGbkR90sGP2Q_bW4CGPgY9ppd2qY0eizeZNW9dftKiM4XmrKmQgu2Gk,https://p3-pc.douyinpic.com/aweme/100x100/aweme-avatar/tos-cn-i-0813_5fc47361623c409a843ccb6b5c5b9872.jpeg?from=2956013662,针灸匠张宝旬,66941054845,26.9万获赞,14.8万粉丝,此用户没有填写简介
南京市秦淮区建康新村社区公共服务站（已注销）,MS4wLjABAAAADT2tx1wZ_usBFmeRTTWR6-NoijP8MdinwUOUKCutBIo,https://p3-pc.douyinpic.com/aweme/100x100/aweme-avatar/tos-cn-avt-0015_c7b6403c9e04cc68e605210f9ff05ce5.jpeg?from=2956013662,南京市秦淮区佐元棠健康信息咨询中心,584488125,3350获赞,352粉丝,此用户没有填写简介
南京市秦淮区建康新村社区公共服务站（已注销）,MS4wLjABAAAAfsmcF5sbTcYQ8g02B6s8pEcbliYjEq4npmcgD26Kw_Y,https://p3-pc.douyinpic.com/aweme/100x100/aweme-avatar/tos-cn-i-0813_f611dc7a40b64fe0a6e90b0597e3b6de.jpeg?from=2956013662,南京市秦淮区瑞金路遇见,yj17312276070,7.0万获赞,3261粉丝,开二家温暖的店一个14岁男孩和四只猫的妈妈
南京市秦淮区建康新村社区公共服务站（已注销）,MS4wLjABAAAAaKTQm8866KSeSy6n7qX4dI2IiHBTS0rGJBfmremHeJc,https://p3-pc.douyinpic.com/aweme/100x100/aweme-avatar/tos-cn-avt-0015_4d36ca69646682c8e2de611fcd940916.jpeg?from=2956013662,秦淮区,Bjyxszd1005x805,2931获赞,284粉丝,那就偷偷在一起吧
南京市秦淮区建康新村社区公共服务站（已注销）,MS4wLjABAAAARuVM1Lr2GK25FsrflBFMQi3vnva8LCt4GcQil5yQ734,https://p3-pc.douyinpic.com/aweme/100x100/aweme-avatar/tos-cn-i-0813_7630a545fb54401ab6fb282b6b53ac95.jpeg?from=2956013662,南京市秦淮区清运建筑垃圾周,1504607481,4416获赞,919粉丝,承包拆除砸墙一条龙服务。装修垃圾清运，承包小区垃圾，黄沙，水泥，石子，铲车.吊机.五小车台班出租等业务。13584048074.欢迎新老朋友下单18851997793欢迎新老朋友下单。
南京市秦淮区建康新村社区公共服务站（已注销）,MS4wLjABAAAA91vqC77-PxJWJXUmTCa8r8PfObjsNGAI4enkdmSnysqD-QMUch6GMO5cUyUQvPJH,https://p3-pc.douyinpic.com/aweme/100x100/aweme-avatar/tos-cn-i-0813_df1040c5f5ad403197c46e94fd4e31e2.jpeg?from=2956013662,南京秦淮区靖安家政,dyk8c0xdjb6v,2494获赞,1472粉丝,靖安家政，保姆钟点工，育儿嫂月嫂，病人陪护，保洁照顾老人，住家保姆，长白班。地址江苏省南京市秦淮区丰富路49号106室13404157710，家政做了10多年，以诚信服务了千家万户，得到客户好评
南京市秦淮区建康新村社区公共服务站（已注销）,MS4wLjABAAAAtRV65jdeQEoWw6sho59-mHCTltgchfHxoBjiTe2fNgXQX1tvvTHZs4QuGlnVlr7t,https://p3-pc.douyinpic.com/aweme/100x100/aweme-avatar/mosaic-legacy_310630006868255302788.jpeg?from=2956013662,秦淮,dycb1cwa0zom,7994获赞,902粉丝,本人专业钢结构设计施工13404130996
哈尔滨市南岗区东方剑桥哈西悦城幼儿园,MS4wLjABAAAA_58dssUdHiHyITFWwzOv0q0tqqw27hNpXZ2APpppN1shQ3L6h92MrZnXMPRJU0c1,https://p3-pc.douyinpic.com/aweme/100x100/aweme-avatar/douyin-user-image-file_876528924c2ceea6620b142dcd6b4dcb.jpeg?from=2956013662,哈尔滨市南岗区东方剑桥哈西悦城幼儿园,61449776868,3获赞,6粉丝,哈尔滨市南岗区东方剑桥哈西悦城幼儿园我们的使命：用教育点亮未来我们的愿景：打造中国领先的全程教育生态系统
哈尔滨市南岗区东方剑桥哈西悦城幼儿园,MS4wLjABAAAATWPMwpXYAn2yrP2_Hl6cafrUD9dPJgK5JY2TTiIRjJM,https://p3-pc.douyinpic.com/aweme/100x100/aweme-avatar/mosaic-legacy_310e400051f731a1d2126.jpeg?from=2956013662,@东方剑桥幼儿园,38328016,2086获赞,437粉丝,地址:解放西街和睦佳园西门电话:13233381207
哈尔滨市南岗区东方剑桥哈西悦城幼儿园,MS4wLjABAAAASTNTrSqBOro41r9qzKKfatCmivne7IQzbwlCjbeycBQ,https://p3-pc.douyinpic.com/aweme/100x100/aweme-avatar/tos-cn-i-0813_8940ee325444438e955bca8242a0423d.jpeg?from=2956013662,哈尔滨市南岗区童学幼儿园,TongXue5400,6939获赞,536粉丝,深耕幼教19年使用面积1300平米 户外活动400平米开设：托班、小班、中班、大班 招收：2—6周岁幼儿砥砺品行 健全人格 开发潜能 快乐成长 家园一致 相互配合 诚实守信 文明乐群
哈尔滨市南岗区东方剑桥哈西悦城幼儿园,MS4wLjABAAAAO25qvQEsgiwl2JKCAI4UVc7fx0vlWSdVRxbt3DRGW7c,https://p3-pc.douyinpic.com/aweme/100x100/aweme-avatar/tos-cn-avt-0015_c4936e5b0dac8836b608711c0727d200.jpeg?from=2956013662,东方剑桥奥园幼儿园,964280709,221获赞,141粉丝,地址：扬州市邗江区春辰路6号（奥园观湖尚居二期荣园西侧）
哈尔滨市南岗区东方剑桥哈西悦城幼儿园,MS4wLjABAAAAp4T3d0jpLbMCvdZqS87bEMPnsYR5p-gzsLi-PP8p4ek6p0cA-BIIPBm_V826URXs,https://p3-pc.douyinpic.com/aweme/100x100/aweme-avatar/tos-cn-avt-0015_df2d0800308f637a414b64ba7de8a5fc.jpeg?from=2956013662,OCIS东方剑桥,OCIS,1.0万获赞,1874粉丝,K12双语国际.正规学籍.省内唯一A-level与IBDP双通路.
哈尔滨市南岗区东方剑桥哈西悦城幼儿园,MS4wLjABAAAAohD5oq8E2QCq8iiIGTGrm_hx8k084nzkxH-T8W8OOOg,https://p3-pc.douyinpic.com/aweme/100x100/aweme-avatar/tos-cn-i-0813_375a2ff69d714ec2a93e6b0bbb65acb2.jpeg?from=2956013662,哈尔滨市香坊区山水幼儿园,15046668409ss,1.5万获赞,1420粉丝,用爱启迪智慧❤︎用心润泽心灵
天津市建筑材料服务中心,MS4wLjABAAAA9zj5f41Gz8T1mKINMKhr7JUZI-c-amXWOZRdkjZMRZf2HQwl6aJKTUFh_dlV58rP,https://p3-pc.douyinpic.com/aweme/100x100/aweme-avatar/tos-cn-i-0813_5b59f9a67eea4efebee24dbe8d42c647.jpeg?from=2956013662,新疆博乐居顺建筑材料,zao13723225060,87.1万获赞,18.1万粉丝,独立单间，外径尺寸不变，窗口门口随便留，一间一间拼凑多种户型。加上外装饰可以做各种造型，适用范围广泛，欧式別野，民房改造，门面房，宾馆，教室，医院，车库，办公楼，宿舍，活动岗亭，等等！
天津市建筑材料服务中心,MS4wLjABAAAACn8yL7D3zs6ILYzSuACmCwFYW8KdYl5FK3lJosGot2A,https://p3-pc.douyinpic.com/aweme/100x100/aweme-avatar/tos-cn-i-0813_24ae908d8cf949bcbf111bc6b5d5ab21.jpeg?from=2956013662,天津市乐贤建筑材料销售有限公司,Y13612062025,2138获赞,1568粉丝,双港沙石料厂13820490865
天津市建筑材料服务中心,MS4wLjABAAAAL8ke00paxWG6mUycXWndDxORfx20cjgKEjq4-9_9do8,https://p3-pc.douyinpic.com/aweme/100x100/aweme-avatar/mosaic-legacy_2e75000013512a2174d6c.jpeg?from=2956013662,天津市博达隆建筑材料有限公司,1459435549,4838获赞,917粉丝,本公司产品只销售天津本地及周边城市地区
天津市建筑材料服务中心,MS4wLjABAAAAf3pAzE57M6qRjkSLi3PALP3O7dHOha0Z1KpLHbA5QyU,https://p3-pc.douyinpic.com/aweme/100x100/aweme-avatar/tos-cn-i-0813c001_4186f4bedb4f40229b0283e625fef8e6.jpeg?from=2956013662,天津磊钰建筑材料,TianJinLeiYu,730获赞,2834粉丝,本公司成立于2021年，主要生产PC仿石砖，PC透水砖，面包砖，路缘石，水稳，二灰等水泥制品
天津市建筑材料服务中心,MS4wLjABAAAAW9sLRtvXREWs8T07Qj8eFMQ0_HJyik15Z0k1yNqrTWA,https://p3-pc.douyinpic.com/aweme/100x100/aweme-avatar/tos-cn-i-0813_e2d023d0a5f44ac1bff8131d05c4fb52.jpeg?from=2956013662,天津/专业回收出售工地方木、模板建筑材料,1718850777,4.3万获赞,2488粉丝,天津/专业回收出售各类新旧方木和模板、架板。以及工地的废料。
天津市建筑材料服务中心,MS4wLjABAAAAlPk0rXDxhyfnNF2gGAPZww6MqVrAASMw7MFWCplDlb8,https://p3-pc.douyinpic.com/aweme/100x100/aweme-avatar/tos-cn-i-0813c001_a1c50050c05b4502953328d2bd1894e4.jpeg?from=2956013662,天津建博会 建筑装饰材料全屋定制家居展,ly6668881030,3581获赞,3428粉丝,(天津)国际建筑装饰及材料博览会2023年5月26－28日展馆：国家会展中心(天津)展出范围：定制家居/木门/地面铺装/厨卫定制集成灶抽烟机/门窗及五金配件/智能家居/新型建材/墙布软装/集成顶墙/木工机械 185-1401-9639
