uid,disk,author,title
7110485739116317966,-2,千夜未来,Darling～ #darling国家队 #darlinginthef
7112776961553943842,-2,懒觉,不理我的人扔河里喂鱼，忘记我的人送去非洲耍猴，和我作对的人拉
7082195118547111181,-2,hauzjajdkdjjqw,😋😋#今天长这样
7018459472066563368,-2,r r,断桥不断肝肠断 孤山不孤君心孤#嫦娥如梦令
7130509856993299716,-2,短腿小娇,那你呢 最近有开心吗 有烦心事吗#三张照片拿下百万人挑战 #
7093763316526402850,-2,王者荣耀耀扬,#王者荣耀 #东星耀扬 #游戏日常 #搞笑 #每日一笑 #王者荣耀极限
7068623742628351263,-2,王者荣耀耀扬,#东星耀扬#搞笑 #耀矛拿红 #搞笑短片 #动漫 #搞笑视频 #这也太
7055231911987285261,-2,黒澤淚淚子,我真的很喜欢你 每天都只跟你聊天 给别的哥哥发信息 他们都没
7111305196877122852,-2,永琪吗,点都不诚实#永琪吗 #父亲
7086460338849271076,-2,青芒果果🥭,亦是命中最美的相见#汉服 #古风
7081633351341280525,-2,青芒果果🥭,风吹幡动，是风动还是幡动？风未动，幡未动，是我心动，此间无解
7080387080542489868,1,不吃蒲萄,不能握的手 从此匿名的朋友
7133434933200096542,1,2olock,记不起来的话 就一直模糊好了
6967633534290857230,1,橋本 柠醤,按照最新男女比例 每人应该有四个男朋友 我的姐妹不需要 所以我应该有十
7051891209735884047,1,小小天艺,#原神 #飞彩镌流年 八重神子cos来了～#充能计划
7143836540341325093,-2,1号婷宝宝,你和你喜欢的人互换一天身体，你最想做什么？#微胖女生 #浅跳一下
7130443896139631886,-2,二啊姐姐,这个卷发有一点温柔啊～
7078659666657512734,-2,二啊姐姐,喜欢的类型很多，但永远为温柔心动~
7145818713030233381,-2,二啊姐姐,气质爱了 - 二啊姐姐
7145435070382345508,-2,二啊姐姐,上一次觉得阳光这么温暖是什么时候#秋天
7145083468572003614,-2,二啊姐姐,气质爱了 - 二啊姐姐
7144719723261906189,-2,二啊姐姐,我会找到你 - 二啊姐姐
7082920463034338564,-2,恩恩,都在为情所困 只有我天天比狗还困
7144399374007782663,-2,二啊姐姐,介绍一下，这就是我的司机～
7143152450172652807,-2,二啊姐姐,再遇见请先说你好
7143548649035926815,-2,二啊姐姐,今天的女朋友有一点点温柔～
7142791332480814373,-2,二啊姐姐,今天的女朋友有一点可爱～
7142386043797458183,-2,二啊姐姐,秋天的街道有一点好看～
7141278236486487303,-2,二啊姐姐,有个姐姐型女友是怎样的体验～
7140538428143308063,-2,二啊姐姐,玻璃有点脏～
7140108520518651150,-2,二啊姐姐,风里秋天的味道
7139527031590489357,-2,二啊姐姐,初秋的街道有一点好看#早秋新款 #穿搭
7139064073915780365,-2,二啊姐姐,秋天的傍晚#穿搭 #早秋新款
7137283854318046501,-2,二啊姐姐,我寻你千百度
7136516844365548808,-2,二啊姐姐,姐姐罢了 - 二啊姐姐
7135431317465943310,-2,二啊姐姐,对直角肩姐姐毫无抵抗力～
7134731082791931143,-2,二啊姐姐,你在我眼中真的很特别
7131649299292704037,-2,二啊姐姐,秋天的第一件西服外套~
7130949579213737229,-2,二啊姐姐,#原相机 你在我眼中真的很特别
7130617950809165092,-2,二啊姐姐,已经开始期待秋天了～
7130098328758471944,-2,二啊姐姐,听说穿绿不被绿～
7129496185458478349,-2,二啊姐姐,第一眼就知道你是我的菜
7129163710186196255,-2,二啊姐姐,有吃火锅从不沾调料的吗～
7129070445797707044,-2,二啊姐姐,秋天见吧 - 二啊姐姐
7129011571203804453,-2,二啊姐姐,理想型身材～
7128358956358978830,-2,二啊姐姐,这应该是女生才会喜欢的类型吧～
7128294100922633485,-2,二啊姐姐,偶遇一个漂亮姐姐～
7127851006569762078,-2,二啊姐姐,释怀了我说的
7127498601877540132,-2,二啊姐姐,嗯，对，她是我的女朋友
7127188514038385934,-2,二啊姐姐,这是小男生才会喜欢的类型吧～
7126555527026330887,-2,二啊姐姐,理想型身材～
7126113724867284232,-2,二啊姐姐,希望你一生只爱我这张平凡的脸
7125637328973991182,-2,二啊姐姐,开往幸福坝 党限止或台门来城 安量 部排队候车 响请勿上下车
7125039229582839047,-2,二啊姐姐,偶遇漂亮姐姐～
7124659472739454215,-2,二啊姐姐,淡颜系女生逛街穿搭
7124518285441338654,-2,二啊姐姐,今天的女朋友有一点点好看～
7124202547736366350,-2,二啊姐姐,小心台阶 车厢 11 000 化队候车 先下后上 强冷车
7123946636748836103,-2,二啊姐姐,今天的约会对象有一点点好看啊～
7123801443366128909,-2,二啊姐姐,理想型身材～
7133219551797382412,-2,柒柒Bb💃 ⁹¹²⁷,#舞蹈传承计划 - 柒柒Bb💃 ⁹¹²⁷
7102735410110991647,-2,熊抱,他可能真的很忙 但你肯定也不重要
7149908347515424036,-2,俏皮君,我们生在红旗下，长在春风里，目光所致，皆为华夏。五星闪耀，皆为信仰#国
7033762279078366472,-2,禾兮,#cos #cosply #艾雅法拉 #明日方舟cos #明日方舟
7149530147295677735,-2,啵啵佳,那你呢 希望这个十月有什么
7125612063627513096,-2,小橘宝贝,刷到我 你这个号算是练成了#黑丝搭配 #大数据 #有点上头 @DOU+
7146512655342128398,-2,禾兮,#cos #二次元 #原神 #神里绫华 #原神喜茶
7126204875163192591,-2,网红～打卡 &,拍的还可以，好多人都上抖音了，刷到视频里的自己请评论一下，谢谢#热门
7103733720896638249,-2,网红～打卡 &,记录晚霞 红霞的变化#实景拍摄 #随手拍 #抖音小助手 #我要上热门
7092057672232586533,-2,网红～打卡 &,五一红包#给自己一个微笑😊让心情豁然开朗 #期待明天会更好
7044147477838187812,-2,网红～打卡 &,随便发的#地铁随拍 #有轨电车 #高铁🚄 #地铁 #热门 #高铁 #
7108348026955042089,-2,一支榴莲,#是你的理想女朋友吗
7108323395959360802,-2,一支榴莲,#你的女友已上线
7108264401932717352,-2,一支榴莲,#你的女友已上线
7107978498672774434,-2,一支榴莲,#做个很哇塞的女孩
7107963322334580008,-2,一支榴莲,#这样的身材打几分
7103385925320854792,-2,二维世界,四坑种草 洛丽塔袜子 jk袜子#洛丽塔#JK#袜子穿搭#哎呦
6977776397645368580,-2,贝贝babe,所以呢#纯欲
7102653621606567198,-2,二维世界,四坑种草 洛丽塔袜子 jk袜子#洛丽塔#JK#袜子穿搭 评论
7111656750905904388,-2,贝贝babe,有素质但不多#刘回的女士
7115575618837695775,-2,二维世界,三坑🀄️草。四坑种草 洛丽塔袜子 jk袜子#洛丽塔#JK#
7046012688006171937,-2,贝贝babe,好喜欢bgm 翻出老照片发一个#人间烟火最抚人心
7027029577847344396,-2,贝贝babe,贝贝babe在抖音记录美好生活20211105
7115575334455627021,-2,二维世界,三坑🀄️草。四坑种草 洛丽塔袜子 jk袜子#洛丽塔#JK#
7022508586580413708,-2,贝贝babe,#ootd 我像抚摸猫一样给你安慰
7115027584399805709,-2,二维世界,三坑少女。四坑种草 洛丽塔袜子 jk袜子#洛丽塔#JK#袜子
7114178614807055624,-2,二维世界,三坑🀄️草。四坑种草 洛丽塔袜子 jk袜子#洛丽塔#JK#
7004391741746941195,-2,贝贝babe,我有什么错 我只不过是双子座#双子座
7114170298022350088,-2,二维世界,三坑🀄️草。四坑种草 洛丽塔袜子 jk袜子#洛丽塔#JK#
6990686173664513292,-2,贝贝babe,喜欢是海啸 爱是海 可人是孤岛
7114170124814372104,-2,二维世界,三坑🀄️草。四坑种草 洛丽塔袜子 jk袜子#洛丽塔#JK#
7113407635537300767,-2,二维世界,三坑🀄️草。四坑种草 洛丽塔袜子 jk袜子#洛丽塔#JK#
6975416419450129668,-2,贝贝babe,#纯欲 #姐妹👭 一晚上被四个人说像双胞胎@妃妃菲
7110086182083513613,-2,二维世界,四坑种草 洛丽塔袜子 jk袜子#洛丽塔#JK#袜子穿搭#哎呦
7135147849297202436,-2,ST,#这谁顶得住啊 #刷到我你这号算是养成了 小狗说想主人了呢？你想了吗
7136032391872662820,-2,琳儿@,#开启美好一天 #新的一天新的心情 #做自己就好
7111169777560866087,-2,水星,愉快周末#生活碎片记录
7058649844285508895,-2,姣姣不吃饺,有时候会💧∧💧 但看见你消息的时候是💗v💗#摩羯座
7122757408073469198,-2,泡泡又困了,听说评论区可以发照片了 大家简单展示下
7097568998992137502,-2,张欣怡,求助：穿睡衣上街会不会被抓啊🥺
6989885891980365070,-2,泡泡又困了,名声在外有好有坏 以前是以前 现在我纯变态
7149758962819206407,-2,彭十六elf,我们生长红旗下，长在春风里🇨🇳 #全网征集敬礼转场献礼国庆
7144331897148132623,-2,深情的祖师爷,恋爱导师#童锦程 #江南第一深情 #祖师爷 #沫子
7026627879190482187,-2,茹嘉耶,即使生活在泥潭里，也依然不要忘记仰望星空#望向你的眼里都是星星 #姜云
6837057116168113423,-2,彭十六elf,今天不亲你两口 你就不知道我是口红什么味道的
6876755049331166472,-2,Sona大小姐,入秋失败
7058127747666677003,-2,不吃蒲萄,吾家有妹初长成 妹夫何时领进门@不举哑铃 #180 #狮子座
7038924568576249096,-2,再睡两分钟,#分享照片 听会歌吧
7084998045686844709,-2,再睡两分钟,小狗才不是贬义词 小狗的爱永远真诚而热烈#关闭烦恼 #拍照�
7109806434308721955,-2,王玉萌,“总有人会看到你散发的光，带着热诚而来。”#堕
7126089310138322189,-2,你的欲梦,是谁呢第一秒就心动了 #浪漫七夕星河相会 #原来这是心动的感觉
7152438936311254285,-2,你的欲梦,是哪个小天才一晚上就学会蝴蝶步了呢#谁还不会个蝴蝶步
7149907165048835368,-2,王玉萌,久等啦
7151692659315232036,-2,你的欲梦,小梦的颜值已然到达了顶峰！
7148411129713282344,-2,王玉萌,晚风这么温柔，能抱到你就好了。#温柔的晚风一定能吹散许多不愉快
7150157740894129438,-2,你的欲梦,无知的热心，犹如在黑暗中远征……#暗黑不朽暗夜孤堡 惊险上线，我在#暗
7146170475096444194,-2,王玉萌,王玉萌在抖音记录美好生活20220922
7150947346027744525,-2,你的欲梦,是谁刚刚叫我宝贝了？
7142081697817955618,-2,王玉萌,王玉萌在抖音记录美好生活20220911
7150578298307759373,-2,你的欲梦,还不睡吗 少年 #彻夜之歌
7150250976367185182,-2,你的欲梦,去哪不重要 重要的是心中已经有了方向#百度地图 #氛围感旅游
7149947526769020168,-2,你的欲梦,“在那些累的抬不起头的日子里，你是我漫长黑夜里唯一的光亮”
7149842658062535967,-2,你的欲梦,怕你看不懂 特意为你做了个变速（ㄒoㄒ #love手势杀
7149094394514115871,-2,你的欲梦,今日份，我和我的祖国 #这里是美丽中国 #我为祖国喝彩
7131730526993452329,-2,王玉萌,王玉萌在抖音记录美好生活20220814
7148721337064836382,-2,你的欲梦,这套小连招还拿不下你？#打糕舞
7148354406440766750,-2,你的欲梦,按时长大！快祝我生日快乐一下叭～#生日
7122426587395411234,-2,王玉萌,王玉萌在抖音记录美好生活20220720
7120574972812217600,-2,王玉萌,王玉萌在抖音记录美好生活20220715
7118350340885368104,-2,王玉萌,王玉萌在抖音记录美好生活20220709
7116868575880596771,-2,王玉萌,王玉萌在抖音记录美好生活20220705
7115020127426432296,-2,王玉萌,王玉萌在抖音记录美好生活20220630
7113531508350094592,-2,王玉萌,王玉萌在抖音记录美好生活20220626
6921715832221437198,-2,在下猪头小智,和 @是可乐鸭 一起 #合拍 （大晚上唱的！不好听不要骂我！！）
7114228561522871590,-2,在下猪头小智,#我们的故事开场 此歌一响 我和你的故事闪亮开场#夏天 #摩
7150584611670592799,-2,柚柚子__yukko,#汉服 #国风 #古风 水一个视频
7149104671502667016,-2,柚柚子__yukko,#二次元日常 #精神分裂患者日常 Zzzzz
7148655831112879367,-2,柚柚子__yukko,#一秒进入巫师战斗状态 #卡珊德拉 #哈利波特魔法觉醒 需要我帮忙吗
7148737757823700238,-2,菌子宝宝,五星观赏鱼#原神 #cos #心海cos #热恋冰淇淋
7151264981659520269,-2,流一_喵喵喵喵喵喵,国庆假期余额报警器！！！2天！！！#主线任务夺回秋雅 #守望先锋归来
7148986372924214565,-2,流一_喵喵喵喵喵喵,家里水管爆了，今天敷衍一下不为过吧😭
7139468917260537125,-2,柚柚子__yukko,#国风穿搭 #lolita日常 #中华风女仆 奥莉奥 鸢歌来啦~
7148355435890789639,-2,流一_喵喵喵喵喵喵,一些没有意义但是还挺好看的自拍，随便夸夸就行了#cos #明日方舟
7138709176812850462,-2,柚柚子__yukko,#原神 #千朵玫瑰带来的黎明 #甘雨 王小美限时复刻~
7149181616588459278,-2,流一_喵喵喵喵喵喵,我是不是最近水系角色出多了😭边撬地板边布明天拍摄的景😭�
7038415619640937759,-2,走路摇zly,#抖音图文来了 这次可以保存了，壁纸收好～#王昭君乞巧之情
7072727304106937611,-2,希希3,终于可以发啦～#摄影写真 #期待夏天
7100487767448128806,-2,六斤儿,升温的不止是夏天 还有泳池#游泳 #夏天
7114918308004121894,-2,鬼鬼没吃饱（减肥版）,我这么可爱你不要 你要什么 要饭去吧你#甜妹 #纯情女高 #处女座 #
7073043023034125581,-2,心动小京,而我的终点 是你的身边#校园 #甜妹 #萧逸 #双鱼座
7082623955009309956,-2,木叶路飞,今天开心吗？
7051938477167987975,-2,夕米露,靠背啦～不看美女你会挂掉诶
7149069140391742755,-2,小小天艺,刚刚我在hi丝小姐姐下面评论，你们反手就一句“不难受了吗”？？？#海边
7126076862018620687,-2,椒盐橙橙子🍊,青春的存在从来不是一场恋爱来证明的。#双子 #甜妹
7122066319733787915,-2,kipoo.(钟离温迪老婆版),#原神 #ooc致歉 #腹肌 #帅哥 #帅t
7112443754274884864,-2,小幽灵,我们是彼此的私人摄影师@泪水 #射手座 #天蝎座
7103077490498768164,-2,看见耳朵啦,你温温柔柔的跟我说 我就什么都听你的 #深情又专一
7093435971236007176,-2,看见耳朵啦,给你100w让你亲@键第一个人你愿意吗
7093049199566146853,-2,看见耳朵啦,把你认为最漂亮的美女艾特出来 让大家看看
7071213176963992869,-2,炭烤奶昔不加奶,我们女生用词真的很谨慎 宝跟宝宝是两种关系#jk制服 #甜妹 #浅摇一
7100032403439111435,-2,小西,夏天到了 想玩水的朋友可以来我家洗碗
7090383406365773060,-2,小西,艾特列表第一位给你穿jk
7081108115684396291,-2,小西,艾特你列表第一个给你买冰淇淋^o^
7147012067780775198,-2,洁洁仙贝er,我做了一个梦。梦到他给我擦眼泪 说他没能好好爱我 他很愧疚.
7024793400834592012,-2,小老虎.,一辈子可以做很多错事 但是不能伤女孩子的心#软妹
7103099753499528478,-2,黒澤淚淚子,打字冷冰冰 见面要亲亲#天蝎 #大帅哥 #ootd穿搭
7046012354089291016,-2,吃个虾饺,不是一见钟情 是她那天穿了包臀裙#辣妹 #fyp #女高
7044485739056221444,-2,小老虎.,看我就好了 你不需要看别人
7144032891524156711,-2,小西,“一个种草姬的进度条”#按住虚线向右滑
7098547402449095975,-2,小西,我菜怎么了 你冲我凶什么 你凶对面去呀ovo
7074871676277656845,-2,@ 我我我,#啊这
7121589140310838562,-2,网红～打卡 &,高级公共厕所
7081195340933778703,-2,网红～打卡 &,冰墩墩手办10cm#热门 #这谁顶得住啊
7080771369973075215,-2,网红～打卡 &,太阳☀️走进太阳时代#热门 #ཻ阳ཻ春ཻ三ཻ月ཻ春ཻ暖花开
7076997935736704263,-2,网红～打卡 &,我还有雪容融#热门 #惊喜
7099488259889319208,-2,网红～打卡 &,落日无人松径里，鬼火高低明灭 ——萨都剌《念奴娇·登石头城次
7076401068061543688,-2,网红～打卡 &,我抢到冰墩墩了，好开心😁#热门 #内容太过真实
7075270125095570701,-2,网红～打卡 &,#🌤🌊🥤🍦 是夏天的味道了#热门_ #随手一拍都是美
7136107057995992328,-2,戚戚,世间没有永远的绝色 只是年轻的时候多了些新鲜
7114764887670132003,-2,小幽灵,那么我的愿望是 希望我的男朋友 会觉得做我的男朋友幸福#甜妹
7142081062120721695,-2,♡桥本静奈,这校供感又拿捏了谁#jk制服 #种草姬 #学姐 #jk @
7137622872352247071,-2,♡桥本静奈,回归#jk制服 #种草姬 #学姐 #jk @抖音小助手
7135396573290368263,-2,♡桥本静奈,别抄袭了dog#jk制服 #种草姬 #学姐 #jk @抖音小
7050432877594414375,-2,♡桥本静奈,奥特曼说如果你喜欢一个女孩子你就一定要狠狠地夸她#jk制服
7107564849588096286,-2,熊抱,什么是你谈了一个jk女朋友才知道的事 #jk
7002585096247069967,-2,王玉萌,有点肉乎#夏日晚风
7157627116115201318,-2,Yuki雪雪,“话太多就捂嘴”
7053344749918457125,-2,藤原yuki,我的小情人～
6980327063701998856,-2,仙橙姐姐🦋,活了二十年一点儿也不清醒，也看不透人性#双鱼座
6955055037802450210,-2,超甜警告,闪开闪开 让美女表演一个评论全✌🏻#模糊变清晰 #原相机 @DOU+
7150608223211457804,-2,小耳酱,艾特你列表第一来跳 #滑轮天奴
7129063917095095583,-2,土豆国王,“我不是你最得意的作品吗？” #油画风 #写真 #氛围感 #
7111528496270249246,-2,土豆国王,摸不着的月亮是看不厌的#红色系
7151358055626673420,-2,西湖区小丁（写论文版,有一首歌叫做日出时恋爱终结 #秋天 #清冷感 #氛围感
6592953591525281032,-2,宋昕冉~,宋昕冉~在抖音记录美好生活20180824
7147248155841596683,-2,r r,为爱乞讨不是我的风格 上街乞讨才是。#原神 #妮露 #cos
7063058440926678313,-2,今天要吃三碗饭🥣,今天要吃三碗饭🥣在抖音记录美好生活20220210
7153521189019766048,-2,芒果捞头条君,总有林一不在家的时候吧#美丽坏女人 #冰糖小小酥
7148286037213711620,-2,卡萨鹏卡萨丁,#铁血攻沙
7081927323083083045,-2,一口温泉蛋,嘎你列表第一位一个腰子换一个她不过分吧#纯欲天花板 #nodevide
7068216277227113743,-2,深情的祖师爷,失恋女孩#童锦程#江南第一深情 #祖师爷@童锦程798
7157278961427434752,-2,泡泡又困了,不喜欢可以评论 没必要划走#勾手变装挑战
7127779248978365733,-2,吃个虾饺,当你有一个风格多变的女友。#射手座
7158282301451881731,-2,小西,怎么又没好好吃饭呀，坏宝宝猪。不好好照顾自己让我心疼了，罚你
7116069702979308836,-2,临界十缨,转眼2022又和你走了一半 #沿虚线撕开我的上半年
7108692801419873567,-2,临界十缨,♥️囍•𝙒𝙚'𝙧𝙚 𝙚𝙣𝙜𝙖𝙜𝙚𝙙•囍
7075168169878490406,-2,小西,嗨害嗨是什么梗
7074057994119531788,-2,小西,可爱风真的比不上黑丝吗
7160260729801592078,-2,圆溜溜啊圆,突击检查 立马用手机拍眼前一幕
7090463087442021639,-2,看见耳朵啦,你列表第三个一定是个海王
7095687741148499213,-2,禾兮,心海#cos #二次元少女 #二次元 #原神 #原神cos
7077144966916623619,-2,叽叽叽w,#公孙离 #王者 很喜欢安琪拉的一句话 再多喜欢阿离一点 可
7038950853541137675,-2,叽叽叽w,我们又不是很厉害的人留不住的东西太多了尽力就好
7115256331937811748,-2,♡桥本静奈,老虎不发威你把我当....当宝宝嘛#jk制服 #种草姬 #
7061607470904511781,-2,R袁晓蕊,已经开始期待夏天了#期待夏天 #姐妹
7136013053493054758,-2,梓劫_似鸽大弧蝶,丽莎阿…丽莎姐姐是好人#原神 #cos #丽莎 #二次元
7013228852923190543,-2,蛋花卷,泳装02的存图 一直忘了发🤕 #cos #国家队02
7157927420002192655,-2,猫呢Syn（划水版）,这段感情你先撑一下 我游戏开了 #cos #妮露 #原神 #
7110505336280321283,-2,在下猪头小智（备考版）,宝宝 kisskiss #摩羯 #03
7140974827522821417,-2,林可可,噶你兄弟一个腰子换她 你愿意不#可能是月亮不会眨眼
7157261028349299968,-2,土豆国王,太喜欢了 所以总是掉眼泪呢 #氛围感 #天使 #雪
7039661707991485703,-2,瑾兰,#抖音图文来了
6754276401945316612,-2,彭十六elf,回味17、18年的🎃万圣节，拍了一天着凉了🤒
7153626704437726468,-2,小西,对症下药 觉得我做的对的老铁请扣1
7068242785006128417,-2,♡桥本静奈,食物链的顶端是_____#jk制服 #jk #种草姬#学姐@
7129446742872919300,-1,楚楚子,都要哥哥？姐姐不行吗？冰系大长腿优菈cos #原神cos #优菈 #原
7052923435059580171,-2,小怡kiyomi,我比较喜欢干净的男孩子 所以你能把衣服脱干净吗#辣妹 #对镜
7098753171970886912,-2,火只木南,这么宠粉的我怎么可能让粉丝自己截图呢？高清纯享版#火只木南
7164428285391244551,-2,One Minute,足控福利。#布偶猫 #吸猫
7171761597436693799,-2,芒果捞头条君,艾特你那没亲过嘴的兄弟，祝他早日被爱#花碎花 #马伯骞王靖雯合作曲好甜
7171628436295863587,-2,深情的祖师爷,“心动不是爱 心定才是爱”#童锦程 #江南第一深情 #祖师爷 #祖师爷
7172103446210923810,-2,泡泡又困了,无所谓 姐会花手
7172108591166459148,-2,一口音酱,一口音酱在抖音记录美好生活20221201
7172110280367934732,-2,小米没脾气,十二月的第一天 打造冬天全新人设：纯情少女 为爱痴狂 经济独立 消息秒
7171773947388775684,-2,关于琪,o.O #文静小女生
7172081535850515746,-2,兔娘,可不可以嘛～～～#内向 #社恐 #文静小女生
7171775536711159074,-2,兔娘,《沟 通 技 巧》#内向 #社恐 #笨蛋美女
7171774903606103348,-2,兔娘,新学的歌 清唱一下#甜妹 #文静小女生 #内向
7172189429497449761,-2,陈雅汐丫。,你列表第二一定是个笨蛋吧#浅跳一下 #甜妹
7172191819009232140,-2,关于琪,不想crush 只要love forever#微胖女生 #微
7171841614984269094,-2,陈雅汐丫。,中了幻术 没看清楚 在看亿遍#变装 #丝滑变装
7171686792066780430,-2,黑桃姗,今天休息一天 明天半年庆🎡
7171735702021868811,-2,小西,脸会腻 但穿搭不会
7172080316176174370,-2,柒柒Bb💃 ⁹¹²⁷,#赐我舞蹈挑战 #勾栏听曲 我好像独自站在那三尺红苔
7153545044803292451,-2,椒盐橙橙子🍊,比起那种连续不断的暗示，我更喜欢有话直说坦荡荡明目张胆的爱_
7140527401850686760,-2,椒盐橙橙子🍊,一恋爱就没脑子的是哪个星座呀 #双子座 #微胖女生 #图文伙
7140201146047630632,-2,椒盐橙橙子🍊,读书，学习，去更远的地方，和你一起。 #图文伙伴计划
7107498966102723855,-2,椒盐橙橙子🍊,还是需要温柔的晚风 #vigg为爱感动 #春日图文伙伴计划
6651508380684799235,-2,Yuki雪雪,谁说可爱就不可以蹦迪了~
7102593204075220263,-2,爱高数的小沐,你列表第一个一定是lsp. #穿搭 #辣妹 #小城夏天
7072278886960074022,-2,今朝谣,小将军也有不忍拔剑相对之人吗#金牛座 #02 #王者峡谷
7089271621516676393,-2,One Minute,我出演的是纯爱番 我的心只会给一个男孩#双鱼座
7160662287911619854,-2,轩轩xx,可以放可爱鬼进来吗。#万圣节妆容 #vibe氛围 #美丽坏女
7090422582024867102,-2,轩轩xx,“所以你看见我信息也不回是吗” “嗯，不知道说什么” #御姐
